flight_number,name,date_utc,success,rocket,launchpad,payloads,cores,landing_success,launch_date
1,FalconSat,2006-03-24T22:30:00.000Z,False,5e9d0d95eda69955f709d1eb,5e9e4502f5090995de566f86,['5eb0e4b5b6c3bb0006eeb1e1'],"[{'core': '5e9e289df35918033d3b2623', 'flight': 1, 'gridfins': False, 'legs': False, 'reused': False, 'landing_attempt': False, 'landing_success': None, 'landing_type': None, 'landpad': None}]",0,2006-03-24
2,DemoSat,2007-03-21T01:10:00.000Z,False,5e9d0d95eda69955f709d1eb,5e9e4502f5090995de566f86,['5eb0e4b6b6c3bb0006eeb1e2'],"[{'core': '5e9e289ef35918416a3b2624', 'flight': 1, 'gridfins': False, 'legs': False, 'reused': False, 'landing_attempt': False, 'landing_success': None, 'landing_type': None, 'landpad': None}]",0,2007-03-21
3,Trailblazer,2008-08-03T03:34:00.000Z,False,5e9d0d95eda69955f709d1eb,5e9e4502f5090995de566f86,"['5eb0e4b6b6c3bb0006eeb1e3', '5eb0e4b6b6c3bb0006eeb1e4']","[{'core': '5e9e289ef3591814873b2625', 'flight': 1, 'gridfins': False, 'legs': False, 'reused': False, 'landing_attempt': False, 'landing_success': None, 'landing_type': None, 'landpad': None}]",0,2008-08-03
4,RatSat,2008-09-28T23:15:00.000Z,True,5e9d0d95eda69955f709d1eb,5e9e4502f5090995de566f86,['5eb0e4b7b6c3bb0006eeb1e5'],"[{'core': '5e9e289ef3591855dc3b2626', 'flight': 1, 'gridfins': False, 'legs': False, 'reused': False, 'landing_attempt': False, 'landing_success': None, 'landing_type': None, 'landpad': None}]",1,2008-09-28
5,RazakSat,2009-07-13T03:35:00.000Z,True,5e9d0d95eda69955f709d1eb,5e9e4502f5090995de566f86,['5eb0e4b7b6c3bb0006eeb1e6'],"[{'core': '5e9e289ef359184f103b2627', 'flight': 1, 'gridfins': False, 'legs': False, 'reused': False, 'landing_attempt': False, 'landing_success': None, 'landing_type': None, 'landpad': None}]",1,2009-07-13
6,Falcon 9 Test Flight,2010-06-04T18:45:00.000Z,True,5e9d0d95eda69973a809d1ec,5e9e4501f509094ba4566f84,['5eb0e4b7b6c3bb0006eeb1e7'],"[{'core': '5e9e289ef359185f2b3b2628', 'flight': 1, 'gridfins': False, 'legs': False, 'reused': False, 'landing_attempt': False, 'landing_success': None, 'landing_type': None, 'landpad': None}]",1,2010-06-04
7,COTS 1,2010-12-08T15:43:00.000Z,True,5e9d0d95eda69973a809d1ec,5e9e4501f509094ba4566f84,"['5eb0e4b9b6c3bb0006eeb1e8', '5eb0e4b9b6c3bb0006eeb1e9']","[{'core': '5e9e289ef35918187c3b2629', 'flight': 1, 'gridfins': False, 'legs': False, 'reused': False, 'landing_attempt': False, 'landing_success': None, 'landing_type': None, 'landpad': None}]",1,2010-12-08
8,COTS 2,2012-05-22T07:44:00.000Z,True,5e9d0d95eda69973a809d1ec,5e9e4501f509094ba4566f84,['5eb0e4bab6c3bb0006eeb1ea'],"[{'core': '5e9e289ef35918f39c3b262a', 'flight': 1, 'gridfins': False, 'legs': False, 'reused': False, 'landing_attempt': False, 'landing_success': None, 'landing_type': None, 'landpad': None}]",1,2012-05-22
9,CRS-1,2012-10-08T00:35:00.000Z,True,5e9d0d95eda69973a809d1ec,5e9e4501f509094ba4566f84,"['5eb0e4bab6c3bb0006eeb1eb', '5eb0e4bab6c3bb0006eeb1ec']","[{'core': '5e9e289ff3591821a73b262b', 'flight': 1, 'gridfins': False, 'legs': False, 'reused': False, 'landing_attempt': False, 'landing_success': None, 'landing_type': None, 'landpad': None}]",1,2012-10-08
10,CRS-2,2013-03-01T19:10:00.000Z,True,5e9d0d95eda69973a809d1ec,5e9e4501f509094ba4566f84,['5eb0e4bbb6c3bb0006eeb1ed'],"[{'core': '5e9e289ff3591884e03b262c', 'flight': 1, 'gridfins': False, 'legs': False, 'reused': False, 'landing_attempt': False, 'landing_success': None, 'landing_type': None, 'landpad': None}]",1,2013-03-01
11,CASSIOPE,2013-09-29T16:00:00.000Z,True,5e9d0d95eda69973a809d1ec,5e9e4502f509092b78566f87,['5eb0e4bbb6c3bb0006eeb1ee'],"[{'core': '5e9e289ff359180ae23b262d', 'flight': 1, 'gridfins': False, 'legs': False, 'reused': False, 'landing_attempt': True, 'landing_success': False, 'landing_type': 'Ocean', 'landpad': None}]",1,2013-09-29
12,SES-8,2013-12-03T22:41:00.000Z,True,5e9d0d95eda69973a809d1ec,5e9e4501f509094ba4566f84,['5eb0e4bbb6c3bb0006eeb1ef'],"[{'core': '5e9e289ff35918862c3b262e', 'flight': 1, 'gridfins': False, 'legs': False, 'reused': False, 'landing_attempt': False, 'landing_success': None, 'landing_type': None, 'landpad': None}]",1,2013-12-03
13,Thaicom 6,2014-01-06T18:06:00.000Z,True,5e9d0d95eda69973a809d1ec,5e9e4501f509094ba4566f84,['5eb0e4bbb6c3bb0006eeb1f0'],"[{'core': '5e9e289ff3591878603b262f', 'flight': 1, 'gridfins': False, 'legs': False, 'reused': False, 'landing_attempt': False, 'landing_success': None, 'landing_type': None, 'landpad': None}]",1,2014-01-06
14,CRS-3,2014-04-18T19:25:00.000Z,True,5e9d0d95eda69973a809d1ec,5e9e4501f509094ba4566f84,['5eb0e4bbb6c3bb0006eeb1f1'],"[{'core': '5e9e289ff3591829343b2630', 'flight': 1, 'gridfins': False, 'legs': True, 'reused': False, 'landing_attempt': True, 'landing_success': True, 'landing_type': 'Ocean', 'landpad': None}]",1,2014-04-18
15,OG-2 Mission 1,2014-07-14T15:15:00.000Z,True,5e9d0d95eda69973a809d1ec,5e9e4501f509094ba4566f84,['5eb0e4bcb6c3bb0006eeb1f2'],"[{'core': '5e9e28a0f3591870a63b2631', 'flight': 1, 'gridfins': False, 'legs': True, 'reused': False, 'landing_attempt': True, 'landing_success': True, 'landing_type': 'Ocean', 'landpad': None}]",1,2014-07-14
16,AsiaSat 8,2014-08-05T08:00:00.000Z,True,5e9d0d95eda69973a809d1ec,5e9e4501f509094ba4566f84,['5eb0e4bcb6c3bb0006eeb1f3'],"[{'core': '5e9e28a0f359186e2e3b2632', 'flight': 1, 'gridfins': False, 'legs': False, 'reused': False, 'landing_attempt': False, 'landing_success': None, 'landing_type': None, 'landpad': None}]",1,2014-08-05
17,AsiaSat 6,2014-09-07T05:00:00.000Z,True,5e9d0d95eda69973a809d1ec,5e9e4501f509094ba4566f84,['5eb0e4bcb6c3bb0006eeb1f4'],"[{'core': '5e9e28a0f35918b1bc3b2633', 'flight': 1, 'gridfins': False, 'legs': False, 'reused': False, 'landing_attempt': False, 'landing_success': None, 'landing_type': None, 'landpad': None}]",1,2014-09-07
18,CRS-4,2014-09-21T05:52:00.000Z,True,5e9d0d95eda69973a809d1ec,5e9e4501f509094ba4566f84,['5eb0e4bcb6c3bb0006eeb1f5'],"[{'core': '5e9e28a0f359184a683b2634', 'flight': 1, 'gridfins': False, 'legs': False, 'reused': False, 'landing_attempt': True, 'landing_success': False, 'landing_type': 'Ocean', 'landpad': None}]",1,2014-09-21
19,CRS-5,2015-01-10T09:47:00.000Z,True,5e9d0d95eda69973a809d1ec,5e9e4501f509094ba4566f84,['5eb0e4bdb6c3bb0006eeb1f6'],"[{'core': '5e9e28a0f359187a3c3b2635', 'flight': 1, 'gridfins': True, 'legs': True, 'reused': False, 'landing_attempt': True, 'landing_success': False, 'landing_type': 'ASDS', 'landpad': '5e9e3032383ecb761634e7cb'}]",1,2015-01-10
20,DSCOVR,2015-02-11T23:03:00.000Z,True,5e9d0d95eda69973a809d1ec,5e9e4501f509094ba4566f84,['5eb0e4bdb6c3bb0006eeb1f7'],"[{'core': '5e9e28a0f3591885be3b2636', 'flight': 1, 'gridfins': True, 'legs': True, 'reused': False, 'landing_attempt': True, 'landing_success': True, 'landing_type': 'Ocean', 'landpad': None}]",1,2015-02-11
21,ABS-3A / Eutelsat 115W B,2015-03-02T03:50:00.000Z,True,5e9d0d95eda69973a809d1ec,5e9e4501f509094ba4566f84,"['5eb0e4bdb6c3bb0006eeb1f8', '5eb0e4bdb6c3bb0006eeb1f9']","[{'core': '5e9e28a0f35918c0893b2637', 'flight': 1, 'gridfins': False, 'legs': False, 'reused': False, 'landing_attempt': False, 'landing_success': None, 'landing_type': None, 'landpad': None}]",1,2015-03-02
22,CRS-6,2015-04-14T20:10:00.000Z,True,5e9d0d95eda69973a809d1ec,5e9e4501f509094ba4566f84,['5eb0e4bdb6c3bb0006eeb1fa'],"[{'core': '5e9e28a1f359186d533b2638', 'flight': 1, 'gridfins': True, 'legs': True, 'reused': False, 'landing_attempt': True, 'landing_success': False, 'landing_type': 'ASDS', 'landpad': '5e9e3032383ecb761634e7cb'}]",1,2015-04-14
23,TürkmenÄlem 52°E / MonacoSAT,2015-04-27T23:03:00.000Z,True,5e9d0d95eda69973a809d1ec,5e9e4501f509094ba4566f84,['5eb0e4beb6c3bb0006eeb1fb'],"[{'core': '5e9e28a1f35918233f3b2639', 'flight': 1, 'gridfins': False, 'legs': False, 'reused': False, 'landing_attempt': False, 'landing_success': None, 'landing_type': None, 'landpad': None}]",1,2015-04-27
24,CRS-7,2015-06-28T14:21:00.000Z,False,5e9d0d95eda69973a809d1ec,5e9e4501f509094ba4566f84,['5eb0e4beb6c3bb0006eeb1fc'],"[{'core': '5e9e28a1f35918683c3b263a', 'flight': 1, 'gridfins': True, 'legs': True, 'reused': False, 'landing_attempt': True, 'landing_success': None, 'landing_type': 'ASDS', 'landpad': '5e9e3032383ecb6bb234e7ca'}]",0,2015-06-28
25,OG-2 Mission 2,2015-12-22T01:29:00.000Z,True,5e9d0d95eda69973a809d1ec,5e9e4501f509094ba4566f84,['5eb0e4beb6c3bb0006eeb1fd'],"[{'core': '5e9e28a1f3591867753b263b', 'flight': 1, 'gridfins': True, 'legs': True, 'reused': False, 'landing_attempt': True, 'landing_success': True, 'landing_type': 'RTLS', 'landpad': '5e9e3032383ecb267a34e7c7'}]",1,2015-12-22
26,Jason 3,2016-01-17T15:42:00.000Z,True,5e9d0d95eda69973a809d1ec,5e9e4502f509092b78566f87,['5eb0e4beb6c3bb0006eeb1fe'],"[{'core': '5e9e28a1f3591842fa3b263c', 'flight': 1, 'gridfins': True, 'legs': True, 'reused': False, 'landing_attempt': True, 'landing_success': False, 'landing_type': 'ASDS', 'landpad': '5e9e3033383ecbb9e534e7cc'}]",1,2016-01-17
27,SES-9,2016-03-04T23:35:00.000Z,True,5e9d0d95eda69973a809d1ec,5e9e4501f509094ba4566f84,['5eb0e4beb6c3bb0006eeb1ff'],"[{'core': '5e9e28a1f359188def3b263d', 'flight': 1, 'gridfins': True, 'legs': True, 'reused': False, 'landing_attempt': True, 'landing_success': False, 'landing_type': 'ASDS', 'landpad': '5e9e3032383ecb6bb234e7ca'}]",1,2016-03-04
28,CRS-8,2016-04-08T20:43:00.000Z,True,5e9d0d95eda69973a809d1ec,5e9e4501f509094ba4566f84,['5eb0e4bfb6c3bb0006eeb200'],"[{'core': '5e9e28a2f359182d0b3b263e', 'flight': 1, 'gridfins': True, 'legs': True, 'reused': False, 'landing_attempt': True, 'landing_success': True, 'landing_type': 'ASDS', 'landpad': '5e9e3032383ecb6bb234e7ca'}]",1,2016-04-08
29,JCSAT-2B,2016-05-06T05:21:00.000Z,True,5e9d0d95eda69973a809d1ec,5e9e4501f509094ba4566f84,['5eb0e4bfb6c3bb0006eeb201'],"[{'core': '5e9e28a2f35918077b3b263f', 'flight': 1, 'gridfins': True, 'legs': True, 'reused': False, 'landing_attempt': True, 'landing_success': True, 'landing_type': 'ASDS', 'landpad': '5e9e3032383ecb6bb234e7ca'}]",1,2016-05-06
30,Thaicom 8,2016-05-27T21:39:00.000Z,True,5e9d0d95eda69973a809d1ec,5e9e4501f509094ba4566f84,['5eb0e4bfb6c3bb0006eeb202'],"[{'core': '5e9e28a2f3591845c73b2640', 'flight': 1, 'gridfins': True, 'legs': True, 'reused': False, 'landing_attempt': True, 'landing_success': True, 'landing_type': 'ASDS', 'landpad': '5e9e3032383ecb6bb234e7ca'}]",1,2016-05-27
31,ABS-2A / Eutelsat 117W B,2016-06-15T14:29:00.000Z,True,5e9d0d95eda69973a809d1ec,5e9e4501f509094ba4566f84,"['5eb0e4bfb6c3bb0006eeb203', '5eb0e4bfb6c3bb0006eeb204']","[{'core': '5e9e28a2f359184f403b2641', 'flight': 1, 'gridfins': True, 'legs': True, 'reused': False, 'landing_attempt': True, 'landing_success': False, 'landing_type': 'ASDS', 'landpad': '5e9e3032383ecb6bb234e7ca'}]",1,2016-06-15
32,CRS-9,2016-07-18T04:45:00.000Z,True,5e9d0d95eda69973a809d1ec,5e9e4501f509094ba4566f84,['5eb0e4c0b6c3bb0006eeb205'],"[{'core': '5e9e28a2f359187f273b2642', 'flight': 1, 'gridfins': True, 'legs': True, 'reused': False, 'landing_attempt': True, 'landing_success': True, 'landing_type': 'RTLS', 'landpad': '5e9e3032383ecb267a34e7c7'}]",1,2016-07-18
33,JCSAT-16,2016-08-14T05:26:00.000Z,True,5e9d0d95eda69973a809d1ec,5e9e4501f509094ba4566f84,['5eb0e4c1b6c3bb0006eeb206'],"[{'core': '5e9e28a2f35918b8243b2643', 'flight': 1, 'gridfins': True, 'legs': True, 'reused': False, 'landing_attempt': True, 'landing_success': True, 'landing_type': 'ASDS', 'landpad': '5e9e3032383ecb6bb234e7ca'}]",1,2016-08-14
34,Amos-6,2016-09-01T13:07:00.000Z,False,5e9d0d95eda69973a809d1ec,5e9e4501f509094ba4566f84,['5eb0e4c1b6c3bb0006eeb207'],"[{'core': '5e9e28a2f359187ee83b2644', 'flight': 1, 'gridfins': True, 'legs': True, 'reused': False, 'landing_attempt': True, 'landing_success': None, 'landing_type': 'ASDS', 'landpad': '5e9e3032383ecb6bb234e7ca'}]",0,2016-09-01
35,Iridium NEXT Mission 1,2017-01-14T17:54:00.000Z,True,5e9d0d95eda69973a809d1ec,5e9e4502f509092b78566f87,['5eb0e4c2b6c3bb0006eeb208'],"[{'core': '5e9e28a3f359189e3a3b2645', 'flight': 1, 'gridfins': True, 'legs': True, 'reused': False, 'landing_attempt': True, 'landing_success': True, 'landing_type': 'ASDS', 'landpad': '5e9e3033383ecbb9e534e7cc'}]",1,2017-01-14
36,CRS-10,2017-02-19T14:39:00.000Z,True,5e9d0d95eda69973a809d1ec,5e9e4502f509094188566f88,['5eb0e4c3b6c3bb0006eeb209'],"[{'core': '5e9e28a3f3591829dc3b2646', 'flight': 1, 'gridfins': True, 'legs': True, 'reused': False, 'landing_attempt': True, 'landing_success': True, 'landing_type': 'RTLS', 'landpad': '5e9e3032383ecb267a34e7c7'}]",1,2017-02-19
37,EchoStar 23,2017-03-16T06:00:00.000Z,True,5e9d0d95eda69973a809d1ec,5e9e4502f509094188566f88,['5eb0e4c3b6c3bb0006eeb20a'],"[{'core': '5e9e28a3f3591878473b2647', 'flight': 1, 'gridfins': False, 'legs': False, 'reused': False, 'landing_attempt': False, 'landing_success': None, 'landing_type': None, 'landpad': None}]",1,2017-03-16
38,SES-10,2017-03-30T22:27:00.000Z,True,5e9d0d95eda69973a809d1ec,5e9e4502f509094188566f88,['5eb0e4c3b6c3bb0006eeb20b'],"[{'core': '5e9e28a2f359182d0b3b263e', 'flight': 2, 'gridfins': True, 'legs': True, 'reused': True, 'landing_attempt': True, 'landing_success': True, 'landing_type': 'ASDS', 'landpad': '5e9e3032383ecb6bb234e7ca'}]",1,2017-03-30
39,NROL-76,2017-05-01T11:15:00.000Z,True,5e9d0d95eda69973a809d1ec,5e9e4502f509094188566f88,['5eb0e4c3b6c3bb0006eeb20c'],"[{'core': '5e9e28a3f3591811f83b2648', 'flight': 1, 'gridfins': True, 'legs': True, 'reused': False, 'landing_attempt': True, 'landing_success': True, 'landing_type': 'RTLS', 'landpad': '5e9e3032383ecb267a34e7c7'}]",1,2017-05-01
40,Inmarsat-5 F4,2017-05-15T23:21:00.000Z,True,5e9d0d95eda69973a809d1ec,5e9e4502f509094188566f88,['5eb0e4c3b6c3bb0006eeb20d'],"[{'core': '5e9e28a3f359186f3f3b2649', 'flight': 1, 'gridfins': False, 'legs': False, 'reused': False, 'landing_attempt': False, 'landing_success': None, 'landing_type': None, 'landpad': None}]",1,2017-05-15
41,CRS-11,2017-06-03T21:07:00.000Z,True,5e9d0d95eda69973a809d1ec,5e9e4502f509094188566f88,['5eb0e4c4b6c3bb0006eeb20e'],"[{'core': '5e9e28a3f3591856803b264a', 'flight': 1, 'gridfins': True, 'legs': True, 'reused': False, 'landing_attempt': True, 'landing_success': True, 'landing_type': 'RTLS', 'landpad': '5e9e3032383ecb267a34e7c7'}]",1,2017-06-03
42,BulgariaSat-1,2017-06-23T19:10:00.000Z,True,5e9d0d95eda69973a809d1ec,5e9e4502f509094188566f88,['5eb0e4c4b6c3bb0006eeb20f'],"[{'core': '5e9e28a3f359189e3a3b2645', 'flight': 2, 'gridfins': True, 'legs': True, 'reused': True, 'landing_attempt': True, 'landing_success': True, 'landing_type': 'ASDS', 'landpad': '5e9e3032383ecb6bb234e7ca'}]",1,2017-06-23
43,Iridium NEXT Mission 2,2017-06-25T20:25:00.000Z,True,5e9d0d95eda69973a809d1ec,5e9e4502f509092b78566f87,['5eb0e4c4b6c3bb0006eeb210'],"[{'core': '5e9e28a3f3591801cf3b264b', 'flight': 1, 'gridfins': True, 'legs': True, 'reused': False, 'landing_attempt': True, 'landing_success': True, 'landing_type': 'ASDS', 'landpad': '5e9e3033383ecbb9e534e7cc'}]",1,2017-06-25
44,Intelsat 35e,2017-07-05T23:35:00.000Z,True,5e9d0d95eda69973a809d1ec,5e9e4502f509094188566f88,['5eb0e4c4b6c3bb0006eeb211'],"[{'core': '5e9e28a4f3591850cc3b264c', 'flight': 1, 'gridfins': False, 'legs': False, 'reused': False, 'landing_attempt': False, 'landing_success': None, 'landing_type': None, 'landpad': None}]",1,2017-07-05
45,CRS-12,2017-08-14T16:31:00.000Z,True,5e9d0d95eda69973a809d1ec,5e9e4502f509094188566f88,['5eb0e4c4b6c3bb0006eeb212'],"[{'core': '5e9e28a4f3591884ee3b264d', 'flight': 1, 'gridfins': True, 'legs': True, 'reused': False, 'landing_attempt': True, 'landing_success': True, 'landing_type': 'RTLS', 'landpad': '5e9e3032383ecb267a34e7c7'}]",1,2017-08-14
46,FormoSat-5,2017-08-24T18:50:00.000Z,True,5e9d0d95eda69973a809d1ec,5e9e4502f509092b78566f87,['5eb0e4c4b6c3bb0006eeb213'],"[{'core': '5e9e28a4f359182d843b264e', 'flight': 1, 'gridfins': True, 'legs': True, 'reused': False, 'landing_attempt': True, 'landing_success': True, 'landing_type': 'ASDS', 'landpad': '5e9e3033383ecbb9e534e7cc'}]",1,2017-08-24
47,Boeing X-37B OTV-5,2017-09-07T13:50:00.000Z,True,5e9d0d95eda69973a809d1ec,5e9e4502f509094188566f88,['5eb0e4c5b6c3bb0006eeb214'],"[{'core': '5e9e28a4f3591845123b264f', 'flight': 1, 'gridfins': True, 'legs': True, 'reused': False, 'landing_attempt': True, 'landing_success': True, 'landing_type': 'RTLS', 'landpad': '5e9e3032383ecb267a34e7c7'}]",1,2017-09-07
48,Iridium NEXT Mission 3,2017-10-09T12:37:00.000Z,True,5e9d0d95eda69973a809d1ec,5e9e4502f509092b78566f87,['5eb0e4c5b6c3bb0006eeb215'],"[{'core': '5e9e28a4f3591843103b2650', 'flight': 1, 'gridfins': True, 'legs': True, 'reused': False, 'landing_attempt': True, 'landing_success': True, 'landing_type': 'ASDS', 'landpad': '5e9e3033383ecbb9e534e7cc'}]",1,2017-10-09
49,SES-11 / Echostar 105,2017-10-11T22:53:00.000Z,True,5e9d0d95eda69973a809d1ec,5e9e4502f509094188566f88,['5eb0e4c5b6c3bb0006eeb216'],"[{'core': '5e9e28a3f3591829dc3b2646', 'flight': 2, 'gridfins': True, 'legs': True, 'reused': True, 'landing_attempt': True, 'landing_success': True, 'landing_type': 'ASDS', 'landpad': '5e9e3032383ecb6bb234e7ca'}]",1,2017-10-11
50,KoreaSat 5A,2017-10-30T19:34:00.000Z,True,5e9d0d95eda69973a809d1ec,5e9e4502f509094188566f88,['5eb0e4c5b6c3bb0006eeb217'],"[{'core': '5e9e28a4f359185cc03b2651', 'flight': 1, 'gridfins': True, 'legs': True, 'reused': False, 'landing_attempt': True, 'landing_success': True, 'landing_type': 'ASDS', 'landpad': '5e9e3032383ecb6bb234e7ca'}]",1,2017-10-30
51,CRS-13,2017-12-15T15:36:00.000Z,True,5e9d0d95eda69973a809d1ec,5e9e4501f509094ba4566f84,['5eb0e4c5b6c3bb0006eeb218'],"[{'core': '5e9e28a3f3591856803b264a', 'flight': 2, 'gridfins': True, 'legs': True, 'reused': True, 'landing_attempt': True, 'landing_success': True, 'landing_type': 'RTLS', 'landpad': '5e9e3032383ecb267a34e7c7'}]",1,2017-12-15
52,Iridium NEXT Mission 4,2017-12-23T01:27:23.000Z,True,5e9d0d95eda69973a809d1ec,5e9e4502f509092b78566f87,['5eb0e4c6b6c3bb0006eeb219'],"[{'core': '5e9e28a3f3591801cf3b264b', 'flight': 2, 'gridfins': True, 'legs': False, 'reused': True, 'landing_attempt': True, 'landing_success': True, 'landing_type': 'Ocean', 'landpad': None}]",1,2017-12-23
53,ZUMA,2018-01-08T01:00:00.000Z,True,5e9d0d95eda69973a809d1ec,5e9e4501f509094ba4566f84,['5eb0e4c6b6c3bb0006eeb21a'],"[{'core': '5e9e28a4f35918345e3b2652', 'flight': 1, 'gridfins': True, 'legs': True, 'reused': False, 'landing_attempt': True, 'landing_success': True, 'landing_type': 'RTLS', 'landpad': '5e9e3032383ecb267a34e7c7'}]",1,2018-01-08
54,SES-16 / GovSat-1,2018-01-31T21:25:00.000Z,True,5e9d0d95eda69973a809d1ec,5e9e4501f509094ba4566f84,['5eb0e4c6b6c3bb0006eeb21b'],"[{'core': '5e9e28a3f3591811f83b2648', 'flight': 2, 'gridfins': True, 'legs': True, 'reused': True, 'landing_attempt': True, 'landing_success': True, 'landing_type': 'Ocean', 'landpad': None}]",1,2018-01-31
55,Falcon Heavy Test Flight,2018-02-06T20:45:00.000Z,True,5e9d0d95eda69974db09d1ed,5e9e4502f509094188566f88,['5eb0e4c6b6c3bb0006eeb21c'],"[{'core': '5e9e28a5f359187f703b2653', 'flight': 1, 'gridfins': True, 'legs': True, 'reused': False, 'landing_attempt': True, 'landing_success': False, 'landing_type': 'ASDS', 'landpad': '5e9e3032383ecb6bb234e7ca'}, {'core': '5e9e28a2f359187f273b2642', 'flight': 2, 'gridfins': True, 'legs': True, 'reused': True, 'landing_attempt': True, 'landing_success': True, 'landing_type': 'RTLS', 'landpad': '5e9e3032383ecb90a834e7c8'}, {'core': '5e9e28a2f3591845c73b2640', 'flight': 2, 'gridfins': True, 'legs': True, 'reused': True, 'landing_attempt': True, 'landing_success': True, 'landing_type': 'RTLS', 'landpad': '5e9e3032383ecb267a34e7c7'}]",1,2018-02-06
56,Paz / Starlink Demo,2018-02-22T14:17:00.000Z,True,5e9d0d95eda69973a809d1ec,5e9e4502f509092b78566f87,"['5eb0e4c6b6c3bb0006eeb21d', '5eb0e4c6b6c3bb0006eeb21e']","[{'core': '5e9e28a4f359182d843b264e', 'flight': 2, 'gridfins': True, 'legs': False, 'reused': True, 'landing_attempt': False, 'landing_success': None, 'landing_type': None, 'landpad': None}]",1,2018-02-22
57,Hispasat 30W-6,2018-03-06T05:33:00.000Z,True,5e9d0d95eda69973a809d1ec,5e9e4501f509094ba4566f84,['5eb0e4c7b6c3bb0006eeb21f'],"[{'core': '5e9e28a5f359186cb73b2654', 'flight': 1, 'gridfins': True, 'legs': True, 'reused': False, 'landing_attempt': False, 'landing_success': None, 'landing_type': None, 'landpad': None}]",1,2018-03-06
58,Iridium NEXT Mission 5,2018-03-30T14:13:51.000Z,True,5e9d0d95eda69973a809d1ec,5e9e4502f509092b78566f87,['5eb0e4c7b6c3bb0006eeb220'],"[{'core': '5e9e28a4f3591843103b2650', 'flight': 2, 'gridfins': True, 'legs': True, 'reused': True, 'landing_attempt': False, 'landing_success': None, 'landing_type': None, 'landpad': None}]",1,2018-03-30
59,CRS-14,2018-04-02T20:30:41.000Z,True,5e9d0d95eda69973a809d1ec,5e9e4501f509094ba4566f84,['5eb0e4c7b6c3bb0006eeb221'],"[{'core': '5e9e28a4f3591884ee3b264d', 'flight': 2, 'gridfins': True, 'legs': True, 'reused': True, 'landing_attempt': False, 'landing_success': None, 'landing_type': None, 'landpad': None}]",1,2018-04-02
60,TESS,2018-04-18T22:51:00.000Z,True,5e9d0d95eda69973a809d1ec,5e9e4501f509094ba4566f84,['5eb0e4c7b6c3bb0006eeb222'],"[{'core': '5e9e28a5f35918863d3b2655', 'flight': 1, 'gridfins': True, 'legs': True, 'reused': False, 'landing_attempt': True, 'landing_success': True, 'landing_type': 'ASDS', 'landpad': '5e9e3032383ecb6bb234e7ca'}]",1,2018-04-18
61,Bangabandhu-1,2018-05-11T20:14:00.000Z,True,5e9d0d95eda69973a809d1ec,5e9e4502f509094188566f88,['5eb0e4c7b6c3bb0006eeb223'],"[{'core': '5e9e28a5f359182b023b2656', 'flight': 1, 'gridfins': True, 'legs': True, 'reused': False, 'landing_attempt': True, 'landing_success': True, 'landing_type': 'ASDS', 'landpad': '5e9e3032383ecb6bb234e7ca'}]",1,2018-05-11
62,Iridium NEXT Mission 6,2018-05-22T19:47:58.000Z,True,5e9d0d95eda69973a809d1ec,5e9e4502f509092b78566f87,"['5eb0e4c7b6c3bb0006eeb224', '5eb0e4c8b6c3bb0006eeb225']","[{'core': '5e9e28a4f35918345e3b2652', 'flight': 2, 'gridfins': True, 'legs': False, 'reused': True, 'landing_attempt': False, 'landing_success': None, 'landing_type': None, 'landpad': None}]",1,2018-05-22
63,SES-12,2018-06-04T04:45:00.000Z,True,5e9d0d95eda69973a809d1ec,5e9e4501f509094ba4566f84,['5eb0e4c8b6c3bb0006eeb226'],"[{'core': '5e9e28a4f3591845123b264f', 'flight': 2, 'gridfins': False, 'legs': False, 'reused': True, 'landing_attempt': False, 'landing_success': None, 'landing_type': None, 'landpad': None}]",1,2018-06-04
64,CRS-15,2018-06-29T09:42:00.000Z,True,5e9d0d95eda69973a809d1ec,5e9e4501f509094ba4566f84,['5eb0e4c8b6c3bb0006eeb227'],"[{'core': '5e9e28a5f35918863d3b2655', 'flight': 2, 'gridfins': False, 'legs': False, 'reused': True, 'landing_attempt': False, 'landing_success': None, 'landing_type': None, 'landpad': None}]",1,2018-06-29
65,Telstar 19V,2018-07-22T05:50:00.000Z,True,5e9d0d95eda69973a809d1ec,5e9e4501f509094ba4566f84,['5eb0e4c8b6c3bb0006eeb228'],"[{'core': '5e9e28a5f359181eed3b2657', 'flight': 1, 'gridfins': True, 'legs': True, 'reused': False, 'landing_attempt': True, 'landing_success': True, 'landing_type': 'ASDS', 'landpad': '5e9e3032383ecb6bb234e7ca'}]",1,2018-07-22
66,Iridium NEXT Mission 7,2018-07-25T11:39:26.000Z,True,5e9d0d95eda69973a809d1ec,5e9e4502f509092b78566f87,['5eb0e4c9b6c3bb0006eeb229'],"[{'core': '5e9e28a5f3591809c03b2658', 'flight': 1, 'gridfins': True, 'legs': True, 'reused': False, 'landing_attempt': True, 'landing_success': True, 'landing_type': 'ASDS', 'landpad': '5e9e3033383ecbb9e534e7cc'}]",1,2018-07-25
67,Merah Putih,2018-08-07T05:18:00.000Z,True,5e9d0d95eda69973a809d1ec,5e9e4501f509094ba4566f84,['5eb0e4c9b6c3bb0006eeb22a'],"[{'core': '5e9e28a5f359182b023b2656', 'flight': 2, 'gridfins': True, 'legs': True, 'reused': True, 'landing_attempt': True, 'landing_success': True, 'landing_type': 'ASDS', 'landpad': '5e9e3032383ecb6bb234e7ca'}]",1,2018-08-07
68,Telstar 18V,2018-09-10T04:45:00.000Z,True,5e9d0d95eda69973a809d1ec,5e9e4501f509094ba4566f84,['5eb0e4c9b6c3bb0006eeb22b'],"[{'core': '5e9e28a5f3591833b13b2659', 'flight': 1, 'gridfins': True, 'legs': True, 'reused': False, 'landing_attempt': True, 'landing_success': True, 'landing_type': 'ASDS', 'landpad': '5e9e3032383ecb6bb234e7ca'}]",1,2018-09-10
69,SAOCOM 1A,2018-10-08T02:22:00.000Z,True,5e9d0d95eda69973a809d1ec,5e9e4502f509092b78566f87,['5eb0e4c9b6c3bb0006eeb22c'],"[{'core': '5e9e28a5f3591809c03b2658', 'flight': 2, 'gridfins': True, 'legs': True, 'reused': True, 'landing_attempt': True, 'landing_success': True, 'landing_type': 'RTLS', 'landpad': '5e9e3032383ecb554034e7c9'}]",1,2018-10-08
70,Es’hail 2,2018-11-15T20:46:00.000Z,True,5e9d0d95eda69973a809d1ec,5e9e4502f509094188566f88,['5eb0e4c9b6c3bb0006eeb22d'],"[{'core': '5e9e28a5f359181eed3b2657', 'flight': 2, 'gridfins': True, 'legs': True, 'reused': True, 'landing_attempt': True, 'landing_success': True, 'landing_type': 'ASDS', 'landpad': '5e9e3032383ecb6bb234e7ca'}]",1,2018-11-15
71,SSO-A,2018-12-03T18:34:00.000Z,True,5e9d0d95eda69973a809d1ec,5e9e4502f509092b78566f87,['5eb0e4c9b6c3bb0006eeb22e'],"[{'core': '5e9e28a5f359182b023b2656', 'flight': 3, 'gridfins': True, 'legs': True, 'reused': True, 'landing_attempt': True, 'landing_success': True, 'landing_type': 'ASDS', 'landpad': '5e9e3033383ecbb9e534e7cc'}]",1,2018-12-03
72,CRS-16,2018-12-05T18:16:00.000Z,True,5e9d0d95eda69973a809d1ec,5e9e4501f509094ba4566f84,['5eb0e4cab6c3bb0006eeb22f'],"[{'core': '5e9e28a6f359185c603b265a', 'flight': 1, 'gridfins': True, 'legs': True, 'reused': False, 'landing_attempt': True, 'landing_success': False, 'landing_type': 'RTLS', 'landpad': '5e9e3032383ecb267a34e7c7'}]",1,2018-12-05
73,GPS III SV01,2018-12-23T13:51:00.000Z,True,5e9d0d95eda69973a809d1ec,5e9e4501f509094ba4566f84,['5eb0e4cab6c3bb0006eeb230'],"[{'core': '5e9e28a6f35918513b3b265b', 'flight': 1, 'gridfins': False, 'legs': False, 'reused': False, 'landing_attempt': False, 'landing_success': None, 'landing_type': None, 'landpad': None}]",1,2018-12-23
74,Iridium NEXT Mission 8,2019-01-11T15:31:00.000Z,True,5e9d0d95eda69973a809d1ec,5e9e4502f509092b78566f87,['5eb0e4cab6c3bb0006eeb231'],"[{'core': '5e9e28a5f3591833b13b2659', 'flight': 2, 'gridfins': True, 'legs': True, 'reused': True, 'landing_attempt': True, 'landing_success': True, 'landing_type': 'ASDS', 'landpad': '5e9e3033383ecbb9e534e7cc'}]",1,2019-01-11
75,Nusantara Satu (PSN-6) / S5 / Beresheet,2019-02-22T01:45:00.000Z,True,5e9d0d95eda69973a809d1ec,5e9e4501f509094ba4566f84,"['5eb0e4cab6c3bb0006eeb232', '5eb0e4cab6c3bb0006eeb233', '5eb0e4cab6c3bb0006eeb234']","[{'core': '5e9e28a5f3591809c03b2658', 'flight': 3, 'gridfins': True, 'legs': True, 'reused': True, 'landing_attempt': True, 'landing_success': True, 'landing_type': 'ASDS', 'landpad': '5e9e3032383ecb6bb234e7ca'}]",1,2019-02-22
76,CCtCap Demo Mission 1,2019-03-02T07:45:00.000Z,True,5e9d0d95eda69973a809d1ec,5e9e4502f509094188566f88,['5eb0e4cbb6c3bb0006eeb235'],"[{'core': '5e9e28a6f35918c0803b265c', 'flight': 1, 'gridfins': True, 'legs': True, 'reused': False, 'landing_attempt': True, 'landing_success': True, 'landing_type': 'ASDS', 'landpad': '5e9e3032383ecb6bb234e7ca'}]",1,2019-03-02
77,ArabSat 6A,2019-04-11T22:35:00.000Z,True,5e9d0d95eda69974db09d1ed,5e9e4502f509094188566f88,['5eb0e4cbb6c3bb0006eeb236'],"[{'core': '5e9e28a6f3591897453b265f', 'flight': 1, 'gridfins': True, 'legs': True, 'reused': False, 'landing_attempt': True, 'landing_success': True, 'landing_type': 'ASDS', 'landpad': '5e9e3032383ecb6bb234e7ca'}, {'core': '5e9e28a6f359183c413b265d', 'flight': 1, 'gridfins': True, 'legs': True, 'reused': False, 'landing_attempt': True, 'landing_success': True, 'landing_type': 'RTLS', 'landpad': '5e9e3032383ecb267a34e7c7'}, {'core': '5e9e28a6f359188fd53b265e', 'flight': 1, 'gridfins': True, 'legs': True, 'reused': False, 'landing_attempt': True, 'landing_success': True, 'landing_type': 'RTLS', 'landpad': '5e9e3032383ecb90a834e7c8'}]",1,2019-04-11
78,CRS-17,2019-05-04T06:48:00.000Z,True,5e9d0d95eda69973a809d1ec,5e9e4501f509094ba4566f84,['5eb0e4cbb6c3bb0006eeb237'],"[{'core': '5e9e28a7f3591809313b2660', 'flight': 1, 'gridfins': True, 'legs': True, 'reused': False, 'landing_attempt': True, 'landing_success': True, 'landing_type': 'ASDS', 'landpad': '5e9e3032383ecb6bb234e7ca'}]",1,2019-05-04
79,Starlink v0.9,2019-05-24T02:30:00.000Z,True,5e9d0d95eda69973a809d1ec,5e9e4501f509094ba4566f84,['5eb0e4cbb6c3bb0006eeb238'],"[{'core': '5e9e28a5f3591833b13b2659', 'flight': 3, 'gridfins': True, 'legs': True, 'reused': True, 'landing_attempt': True, 'landing_success': True, 'landing_type': 'ASDS', 'landpad': '5e9e3032383ecb6bb234e7ca'}]",1,2019-05-24
80,RADARSAT Constellation,2019-06-12T14:17:00.000Z,True,5e9d0d95eda69973a809d1ec,5e9e4502f509092b78566f87,['5eb0e4ccb6c3bb0006eeb239'],"[{'core': '5e9e28a6f35918c0803b265c', 'flight': 2, 'gridfins': True, 'legs': True, 'reused': True, 'landing_attempt': True, 'landing_success': True, 'landing_type': 'RTLS', 'landpad': '5e9e3032383ecb554034e7c9'}]",1,2019-06-12
81,STP-2,2019-06-25T03:30:00.000Z,True,5e9d0d95eda69974db09d1ed,5e9e4502f509094188566f88,"['5eb0e4ccb6c3bb0006eeb23a', '5eb0e4ccb6c3bb0006eeb23b', '5eb0e4ccb6c3bb0006eeb23c', '5eb0e4ccb6c3bb0006eeb23d', '5eb0e4ccb6c3bb0006eeb23e', '5eb0e4cdb6c3bb0006eeb23f', '5eb0e4cdb6c3bb0006eeb240', '5eb0e4cdb6c3bb0006eeb241', '5eb0e4cdb6c3bb0006eeb242', '5eb0e4cdb6c3bb0006eeb243', '5eb0e4cdb6c3bb0006eeb244', '5eb0e4cdb6c3bb0006eeb245', '5eb0e4ceb6c3bb0006eeb246', '5eb0e4ceb6c3bb0006eeb247', '5eb0e4ceb6c3bb0006eeb248', '5eb0e4ceb6c3bb0006eeb249']","[{'core': '5e9e28a7f3591878063b2661', 'flight': 1, 'gridfins': True, 'legs': True, 'reused': False, 'landing_attempt': True, 'landing_success': False, 'landing_type': 'ASDS', 'landpad': '5e9e3032383ecb6bb234e7ca'}, {'core': '5e9e28a6f359183c413b265d', 'flight': 2, 'gridfins': True, 'legs': True, 'reused': True, 'landing_attempt': True, 'landing_success': True, 'landing_type': 'RTLS', 'landpad': '5e9e3032383ecb267a34e7c7'}, {'core': '5e9e28a6f359188fd53b265e', 'flight': 2, 'gridfins': True, 'legs': True, 'reused': True, 'landing_attempt': True, 'landing_success': True, 'landing_type': 'RTLS', 'landpad': '5e9e3032383ecb90a834e7c8'}]",1,2019-06-25
82,CRS-18,2019-07-25T22:01:00.000Z,True,5e9d0d95eda69973a809d1ec,5e9e4501f509094ba4566f84,['5eb0e4ceb6c3bb0006eeb24a'],"[{'core': '5e9e28a7f3591809313b2660', 'flight': 2, 'gridfins': True, 'legs': True, 'reused': True, 'landing_attempt': True, 'landing_success': True, 'landing_type': 'RTLS', 'landpad': '5e9e3032383ecb267a34e7c7'}]",1,2019-07-25
83,Amos-17,2019-08-06T22:52:00.000Z,True,5e9d0d95eda69973a809d1ec,5e9e4501f509094ba4566f84,['5eb0e4cfb6c3bb0006eeb24b'],"[{'core': '5e9e28a5f359181eed3b2657', 'flight': 3, 'gridfins': False, 'legs': False, 'reused': True, 'landing_attempt': False, 'landing_success': None, 'landing_type': None, 'landpad': None}]",1,2019-08-06
84,Starlink-1,2019-11-11T14:56:00.000Z,True,5e9d0d95eda69973a809d1ec,5e9e4501f509094ba4566f84,['5eb0e4cfb6c3bb0006eeb24c'],"[{'core': '5e9e28a5f3591809c03b2658', 'flight': 4, 'gridfins': True, 'legs': True, 'reused': True, 'landing_attempt': True, 'landing_success': True, 'landing_type': 'ASDS', 'landpad': '5e9e3032383ecb6bb234e7ca'}]",1,2019-11-11
85,CRS-19,2019-12-05T17:29:23.000Z,True,5e9d0d95eda69973a809d1ec,5e9e4501f509094ba4566f84,['5eb0e4cfb6c3bb0006eeb24d'],"[{'core': '5e9e28a7f359187afd3b2662', 'flight': 1, 'gridfins': True, 'legs': True, 'reused': False, 'landing_attempt': True, 'landing_success': True, 'landing_type': 'ASDS', 'landpad': '5e9e3032383ecb6bb234e7ca'}]",1,2019-12-05
86,JCSat 18 / Kacific 1,2019-12-17T00:10:00.000Z,True,5e9d0d95eda69973a809d1ec,5e9e4501f509094ba4566f84,['5eb0e4cfb6c3bb0006eeb24e'],"[{'core': '5e9e28a7f3591809313b2660', 'flight': 3, 'gridfins': True, 'legs': True, 'reused': True, 'landing_attempt': True, 'landing_success': True, 'landing_type': 'ASDS', 'landpad': '5e9e3032383ecb6bb234e7ca'}]",1,2019-12-17
87,Starlink-2,2020-01-07T02:19:00.000Z,True,5e9d0d95eda69973a809d1ec,5e9e4501f509094ba4566f84,['5eb0e4cfb6c3bb0006eeb24f'],"[{'core': '5e9e28a5f3591833b13b2659', 'flight': 4, 'gridfins': True, 'legs': True, 'reused': True, 'landing_attempt': True, 'landing_success': True, 'landing_type': 'ASDS', 'landpad': '5e9e3032383ecb6bb234e7ca'}]",1,2020-01-07
88,Crew Dragon In Flight Abort Test,2020-01-19T14:00:00.000Z,True,5e9d0d95eda69973a809d1ec,5e9e4502f509094188566f88,['5eb0e4d0b6c3bb0006eeb250'],"[{'core': '5e9e28a5f359182b023b2656', 'flight': 4, 'gridfins': False, 'legs': False, 'reused': True, 'landing_attempt': False, 'landing_success': None, 'landing_type': None, 'landpad': None}]",1,2020-01-19
89,Starlink-3,2020-01-29T14:06:00.000Z,True,5e9d0d95eda69973a809d1ec,5e9e4501f509094ba4566f84,['5eb0e4d0b6c3bb0006eeb251'],"[{'core': '5e9e28a6f35918c0803b265c', 'flight': 3, 'gridfins': True, 'legs': True, 'reused': True, 'landing_attempt': True, 'landing_success': True, 'landing_type': 'ASDS', 'landpad': '5e9e3032383ecb6bb234e7ca'}]",1,2020-01-29
90,Starlink-4,2020-02-17T15:05:55.000Z,True,5e9d0d95eda69973a809d1ec,5e9e4501f509094ba4566f84,['5eb0e4d0b6c3bb0006eeb252'],"[{'core': '5e9e28a7f3591809313b2660', 'flight': 4, 'gridfins': True, 'legs': True, 'reused': True, 'landing_attempt': True, 'landing_success': False, 'landing_type': 'ASDS', 'landpad': '5e9e3032383ecb6bb234e7ca'}]",1,2020-02-17
91,CRS-20,2020-03-07T04:50:31.000Z,True,5e9d0d95eda69973a809d1ec,5e9e4501f509094ba4566f84,['5eb0e4d0b6c3bb0006eeb253'],"[{'core': '5e9e28a7f359187afd3b2662', 'flight': 2, 'gridfins': True, 'legs': True, 'reused': True, 'landing_attempt': True, 'landing_success': True, 'landing_type': 'RTLS', 'landpad': '5e9e3032383ecb267a34e7c7'}]",1,2020-03-07
92,Starlink-5,2020-03-18T12:16:00.000Z,True,5e9d0d95eda69973a809d1ec,5e9e4502f509094188566f88,['5eb0e4d0b6c3bb0006eeb254'],"[{'core': '5e9e28a5f3591809c03b2658', 'flight': 5, 'gridfins': True, 'legs': True, 'reused': True, 'landing_attempt': True, 'landing_success': False, 'landing_type': 'ASDS', 'landpad': '5e9e3032383ecb6bb234e7ca'}]",1,2020-03-18
93,Starlink-6,2020-04-22T19:30:00.000Z,True,5e9d0d95eda69973a809d1ec,5e9e4502f509094188566f88,['5eb0e4d1b6c3bb0006eeb255'],"[{'core': '5e9e28a6f35918c0803b265c', 'flight': 4, 'gridfins': True, 'legs': True, 'reused': True, 'landing_attempt': True, 'landing_success': True, 'landing_type': 'ASDS', 'landpad': '5e9e3032383ecb6bb234e7ca'}]",1,2020-04-22
94,CCtCap Demo Mission 2,2020-05-30T19:22:00.000Z,True,5e9d0d95eda69973a809d1ec,5e9e4502f509094188566f88,['5eb0e4d1b6c3bb0006eeb257'],"[{'core': '5e9e28a7f3591817f23b2663', 'flight': 1, 'gridfins': True, 'legs': True, 'reused': False, 'landing_attempt': True, 'landing_success': True, 'landing_type': 'ASDS', 'landpad': '5e9e3032383ecb6bb234e7ca'}]",1,2020-05-30
95,Starlink-7,2020-06-04T01:25:00.000Z,True,5e9d0d95eda69973a809d1ec,5e9e4501f509094ba4566f84,['5eb0e4d1b6c3bb0006eeb256'],"[{'core': '5e9e28a5f3591833b13b2659', 'flight': 5, 'gridfins': True, 'legs': True, 'reused': True, 'landing_attempt': True, 'landing_success': True, 'landing_type': 'ASDS', 'landpad': '5e9e3033383ecbb9e534e7cc'}]",1,2020-06-04
96,Starlink-8 & SkySat 16-18,2020-06-13T09:21:00.000Z,True,5e9d0d95eda69973a809d1ec,5e9e4501f509094ba4566f84,['5eb0e4d1b6c3bb0006eeb258'],"[{'core': '5e9e28a7f359187afd3b2662', 'flight': 3, 'gridfins': True, 'legs': True, 'reused': True, 'landing_attempt': True, 'landing_success': True, 'landing_type': 'ASDS', 'landpad': '5e9e3032383ecb6bb234e7ca'}]",1,2020-06-13
97,GPS III SV03 (Columbus),2020-06-30T19:55:00.000Z,True,5e9d0d95eda69973a809d1ec,5e9e4501f509094ba4566f84,['5eb0e4d2b6c3bb0006eeb25c'],"[{'core': '5ef670f10059c33cee4a826c', 'flight': 1, 'gridfins': True, 'legs': True, 'reused': False, 'landing_attempt': True, 'landing_success': True, 'landing_type': 'ASDS', 'landpad': '5e9e3033383ecbb9e534e7cc'}]",1,2020-06-30
98,ANASIS-II,2020-07-20T21:30:00.000Z,True,5e9d0d95eda69973a809d1ec,5e9e4501f509094ba4566f84,['5eb0e4d2b6c3bb0006eeb25b'],"[{'core': '5e9e28a7f3591817f23b2663', 'flight': 2, 'gridfins': True, 'legs': True, 'reused': True, 'landing_attempt': True, 'landing_success': True, 'landing_type': 'ASDS', 'landpad': '5e9e3033383ecbb9e534e7cc'}]",1,2020-07-20
99,Starlink-9 (v1.0) & BlackSky Global 5-6,2020-08-07T05:12:00.000Z,True,5e9d0d95eda69973a809d1ec,5e9e4502f509094188566f88,"['5ed9858b1f30554030d45c3e', '5ee522e32f1f3d474c758123']","[{'core': '5e9e28a6f35918c0803b265c', 'flight': 5, 'gridfins': True, 'legs': True, 'reused': True, 'landing_attempt': True, 'landing_success': True, 'landing_type': 'ASDS', 'landpad': '5e9e3032383ecb6bb234e7ca'}]",1,2020-08-07
100,Starlink-10 (v1.0) & SkySat 19-21,2020-08-18T14:31:00.000Z,True,5e9d0d95eda69973a809d1ec,5e9e4501f509094ba4566f84,['5ed9859f1f30554030d45c3f'],"[{'core': '5e9e28a5f3591833b13b2659', 'flight': 6, 'gridfins': True, 'legs': True, 'reused': True, 'landing_attempt': True, 'landing_success': True, 'landing_type': 'ASDS', 'landpad': '5e9e3032383ecb6bb234e7ca'}]",1,2020-08-18
101,"SAOCOM 1B, GNOMES-1, Tyvak-0172",2020-08-30T23:18:00.000Z,True,5e9d0d95eda69973a809d1ec,5e9e4501f509094ba4566f84,['5eb0e4d1b6c3bb0006eeb259'],"[{'core': '5e9e28a7f359187afd3b2662', 'flight': 4, 'gridfins': True, 'legs': True, 'reused': True, 'landing_attempt': True, 'landing_success': True, 'landing_type': 'RTLS', 'landpad': '5e9e3032383ecb267a34e7c7'}]",1,2020-08-30
102,Starlink-11 (v1.0),2020-09-03T12:46:00.000Z,True,5e9d0d95eda69973a809d1ec,5e9e4502f509094188566f88,['5ef6a4600059c33cee4a829e'],"[{'core': '5ef670f10059c33cee4a826c', 'flight': 2, 'gridfins': True, 'legs': True, 'reused': True, 'landing_attempt': True, 'landing_success': True, 'landing_type': 'ASDS', 'landpad': '5e9e3032383ecb6bb234e7ca'}]",1,2020-09-03
103,Starlink-12 (v1.0),2020-10-06T11:29:00.000Z,True,5e9d0d95eda69973a809d1ec,5e9e4502f509094188566f88,['5ef6a48e0059c33cee4a829f'],"[{'core': '5e9e28a7f3591817f23b2663', 'flight': 3, 'gridfins': True, 'legs': True, 'reused': True, 'landing_attempt': True, 'landing_success': True, 'landing_type': 'ASDS', 'landpad': '5e9e3032383ecb6bb234e7ca'}]",1,2020-10-06
104,Starlink-13 (v1.0),2020-10-18T12:25:00.000Z,True,5e9d0d95eda69973a809d1ec,5e9e4502f509094188566f88,['5ef6a4d50059c33cee4a82a1'],"[{'core': '5e9e28a6f35918c0803b265c', 'flight': 6, 'gridfins': True, 'legs': True, 'reused': True, 'landing_attempt': True, 'landing_success': True, 'landing_type': 'ASDS', 'landpad': '5e9e3032383ecb6bb234e7ca'}]",1,2020-10-18
105,Starlink-14 (v1.0),2020-10-24T15:31:00.000Z,True,5e9d0d95eda69973a809d1ec,5e9e4501f509094ba4566f84,['5ef6a4ea0059c33cee4a82a2'],"[{'core': '5ef670f10059c33cee4a826c', 'flight': 3, 'gridfins': True, 'legs': True, 'reused': True, 'landing_attempt': True, 'landing_success': True, 'landing_type': 'ASDS', 'landpad': '5e9e3033383ecbb9e534e7cc'}]",1,2020-10-24
106,GPS III SV04 (Sacagawea),2020-11-05T23:24:00.000Z,True,5e9d0d95eda69973a809d1ec,5e9e4501f509094ba4566f84,['5eb0e4d2b6c3bb0006eeb25e'],"[{'core': '5f57c5440622a633027900a0', 'flight': 1, 'gridfins': True, 'legs': True, 'reused': False, 'landing_attempt': True, 'landing_success': True, 'landing_type': 'ASDS', 'landpad': '5e9e3032383ecb6bb234e7ca'}]",1,2020-11-05
107,Crew-1,2020-11-16T00:27:00.000Z,True,5e9d0d95eda69973a809d1ec,5e9e4502f509094188566f88,['5eb0e4d2b6c3bb0006eeb25f'],"[{'core': '5f57c53d0622a6330279009f', 'flight': 1, 'gridfins': True, 'legs': True, 'reused': False, 'landing_attempt': True, 'landing_success': True, 'landing_type': 'ASDS', 'landpad': '5e9e3033383ecbb9e534e7cc'}]",1,2020-11-16
108,Sentinel-6 Michael Freilich,2020-11-21T17:17:00.000Z,True,5e9d0d95eda69973a809d1ec,5e9e4502f509092b78566f87,['5ed9867c1f30554030d45c40'],"[{'core': '5f57c54a0622a633027900a1', 'flight': 1, 'gridfins': True, 'legs': True, 'reused': False, 'landing_attempt': True, 'landing_success': True, 'landing_type': 'RTLS', 'landpad': '5e9e3032383ecb554034e7c9'}]",1,2020-11-21
109,Starlink-15 (v1.0),2020-11-25T02:13:00.000Z,True,5e9d0d95eda69973a809d1ec,5e9e4501f509094ba4566f84,['5fb95c263a88ae63c9546044'],"[{'core': '5e9e28a5f3591833b13b2659', 'flight': 7, 'gridfins': True, 'legs': True, 'reused': True, 'landing_attempt': True, 'landing_success': True, 'landing_type': 'ASDS', 'landpad': '5e9e3032383ecb6bb234e7ca'}]",1,2020-11-25
110,CRS-21,2020-12-06T16:17:00.000Z,True,5e9d0d95eda69973a809d1ec,5e9e4502f509094188566f88,['5eb0e4d3b6c3bb0006eeb262'],"[{'core': '5e9e28a7f3591817f23b2663', 'flight': 4, 'gridfins': True, 'legs': True, 'reused': True, 'landing_attempt': True, 'landing_success': True, 'landing_type': 'ASDS', 'landpad': '5e9e3032383ecb6bb234e7ca'}]",1,2020-12-06
111,SXM-7,2020-12-13T17:30:00.000Z,True,5e9d0d95eda69973a809d1ec,5e9e4501f509094ba4566f84,['5eb0e4d2b6c3bb0006eeb25d'],"[{'core': '5e9e28a6f35918c0803b265c', 'flight': 7, 'gridfins': True, 'legs': True, 'reused': True, 'landing_attempt': True, 'landing_success': True, 'landing_type': 'ASDS', 'landpad': '5e9e3033383ecbb9e534e7cc'}]",1,2020-12-13
112,NROL-108,2020-12-19T14:00:00.000Z,True,5e9d0d95eda69973a809d1ec,5e9e4502f509094188566f88,['5f839ac7818d8b59f5740d48'],"[{'core': '5e9e28a7f359187afd3b2662', 'flight': 5, 'gridfins': True, 'legs': True, 'reused': True, 'landing_attempt': True, 'landing_success': True, 'landing_type': 'RTLS', 'landpad': '5e9e3032383ecb267a34e7c7'}]",1,2020-12-19
113,Turksat 5A,2021-01-08T02:15:00.000Z,True,5e9d0d95eda69973a809d1ec,5e9e4501f509094ba4566f84,['5eb0e4d3b6c3bb0006eeb264'],"[{'core': '5ef670f10059c33cee4a826c', 'flight': 4, 'gridfins': True, 'legs': True, 'reused': True, 'landing_attempt': True, 'landing_success': True, 'landing_type': 'ASDS', 'landpad': '5e9e3033383ecbb9e534e7cc'}]",1,2021-01-08
114,Starlink-16 (v1.0),2021-01-20T13:02:00.000Z,True,5e9d0d95eda69973a809d1ec,5e9e4502f509094188566f88,['5fbfedba54ceb10a5664c813'],"[{'core': '5e9e28a6f35918c0803b265c', 'flight': 8, 'gridfins': True, 'legs': True, 'reused': True, 'landing_attempt': True, 'landing_success': True, 'landing_type': 'ASDS', 'landpad': '5e9e3033383ecbb9e534e7cc'}]",1,2021-01-20
115,Transporter-1,2021-01-24T15:00:00.000Z,True,5e9d0d95eda69973a809d1ec,5e9e4501f509094ba4566f84,['5fd3871a7faea57d297c86c6'],"[{'core': '5e9e28a7f3591817f23b2663', 'flight': 5, 'gridfins': True, 'legs': True, 'reused': True, 'landing_attempt': True, 'landing_success': True, 'landing_type': 'ASDS', 'landpad': '5e9e3032383ecb6bb234e7ca'}]",1,2021-01-24
116,Starlink-18 (v1.0),2021-02-04T06:19:00.000Z,True,5e9d0d95eda69973a809d1ec,5e9e4501f509094ba4566f84,['5ff655769257f579ee3a6c64'],"[{'core': '5ef670f10059c33cee4a826c', 'flight': 5, 'gridfins': True, 'legs': True, 'reused': True, 'landing_attempt': True, 'landing_success': True, 'landing_type': 'ASDS', 'landpad': '5e9e3032383ecb6bb234e7ca'}]",1,2021-02-04
117,Starlink-19 (v1.0),2021-02-16T03:59:00.000Z,True,5e9d0d95eda69973a809d1ec,5e9e4501f509094ba4566f84,['600f9bc08f798e2a4d5f97a4'],"[{'core': '5e9e28a7f359187afd3b2662', 'flight': 6, 'gridfins': True, 'legs': True, 'reused': True, 'landing_attempt': True, 'landing_success': False, 'landing_type': 'ASDS', 'landpad': '5e9e3032383ecb6bb234e7ca'}]",1,2021-02-16
118,Starlink-17 (v1.0),2021-03-04T08:24:00.000Z,True,5e9d0d95eda69973a809d1ec,5e9e4502f509094188566f88,['5fbfedc654ceb10a5664c814'],"[{'core': '5e9e28a5f3591833b13b2659', 'flight': 8, 'gridfins': True, 'legs': True, 'reused': True, 'landing_attempt': True, 'landing_success': True, 'landing_type': 'ASDS', 'landpad': '5e9e3032383ecb6bb234e7ca'}]",1,2021-03-04
119,Starlink-20 (v1.0),2021-03-11T08:13:00.000Z,True,5e9d0d95eda69973a809d1ec,5e9e4501f509094ba4566f84,['600f9bcb8f798e2a4d5f97a5'],"[{'core': '5e9e28a7f3591817f23b2663', 'flight': 6, 'gridfins': True, 'legs': True, 'reused': True, 'landing_attempt': True, 'landing_success': True, 'landing_type': 'ASDS', 'landpad': '5e9e3033383ecbb9e534e7cc'}]",1,2021-03-11
120,Starlink-21 (v1.0),2021-03-14T10:01:00.000Z,True,5e9d0d95eda69973a809d1ec,5e9e4502f509094188566f88,['600f9bd88f798e2a4d5f97a6'],"[{'core': '5e9e28a6f35918c0803b265c', 'flight': 9, 'gridfins': True, 'legs': True, 'reused': True, 'landing_attempt': True, 'landing_success': True, 'landing_type': 'ASDS', 'landpad': '5e9e3032383ecb6bb234e7ca'}]",1,2021-03-14
121,Starlink-22 (v1.0),2021-03-24T08:28:00.000Z,True,5e9d0d95eda69973a809d1ec,5e9e4501f509094ba4566f84,['60428afbc041c16716f73cdd'],"[{'core': '5ef670f10059c33cee4a826c', 'flight': 6, 'gridfins': True, 'legs': True, 'reused': True, 'landing_attempt': True, 'landing_success': True, 'landing_type': 'ASDS', 'landpad': '5e9e3032383ecb6bb234e7ca'}]",1,2021-03-24
122,Starlink-23 (v1.0),2021-04-07T16:34:00.000Z,True,5e9d0d95eda69973a809d1ec,5e9e4501f509094ba4566f84,['60428b02c041c16716f73cde'],"[{'core': '5e9e28a7f3591817f23b2663', 'flight': 7, 'gridfins': True, 'legs': True, 'reused': True, 'landing_attempt': True, 'landing_success': True, 'landing_type': 'ASDS', 'landpad': '5e9e3032383ecb6bb234e7ca'}]",1,2021-04-07
123,Crew-2,2021-04-23T09:49:00.000Z,True,5e9d0d95eda69973a809d1ec,5e9e4502f509094188566f88,['5fe3b3adb3467846b3242173'],"[{'core': '5f57c53d0622a6330279009f', 'flight': 2, 'gridfins': True, 'legs': True, 'reused': True, 'landing_attempt': True, 'landing_success': True, 'landing_type': 'ASDS', 'landpad': '5e9e3032383ecb6bb234e7ca'}]",1,2021-04-23
124,Starlink-24 (v1.0),2021-04-29T03:44:00.000Z,True,5e9d0d95eda69973a809d1ec,5e9e4501f509094ba4566f84,['605b4be3aa5433645e37d046'],"[{'core': '5ef670f10059c33cee4a826c', 'flight': 7, 'gridfins': True, 'legs': True, 'reused': True, 'landing_attempt': True, 'landing_success': True, 'landing_type': 'ASDS', 'landpad': '5e9e3033383ecbb9e534e7cc'}]",1,2021-04-29
125,Starlink-25 (v1.0),2021-05-04T19:01:00.000Z,True,5e9d0d95eda69973a809d1ec,5e9e4502f509094188566f88,['605b4befaa5433645e37d047'],"[{'core': '5e9e28a5f3591833b13b2659', 'flight': 9, 'gridfins': True, 'legs': True, 'reused': True, 'landing_attempt': True, 'landing_success': True, 'landing_type': 'ASDS', 'landpad': '5e9e3032383ecb6bb234e7ca'}]",1,2021-05-04
126,Starlink-27 (v1.0),2021-05-09T06:42:00.000Z,True,5e9d0d95eda69973a809d1ec,5e9e4501f509094ba4566f84,['6079bd5e9a06446e8c61bf7c'],"[{'core': '5e9e28a6f35918c0803b265c', 'flight': 10, 'gridfins': True, 'legs': True, 'reused': True, 'landing_attempt': True, 'landing_success': True, 'landing_type': 'ASDS', 'landpad': '5e9e3032383ecb6bb234e7ca'}]",1,2021-05-09
127,Starlink-26 (v1.0) + Capella-6 + Tyvak-0130,2021-05-15T22:54:00.000Z,True,5e9d0d95eda69973a809d1ec,5e9e4502f509094188566f88,"['605b4bfcaa5433645e37d048', '609f48374a12e4692eae4667', '609f49c64a12e4692eae4668']","[{'core': '5e9e28a7f3591817f23b2663', 'flight': 8, 'gridfins': True, 'legs': True, 'reused': True, 'landing_attempt': True, 'landing_success': True, 'landing_type': 'ASDS', 'landpad': '5e9e3032383ecb6bb234e7ca'}]",1,2021-05-15
128,Starlink-28 (v1.0),2021-05-26T18:59:00.000Z,True,5e9d0d95eda69973a809d1ec,5e9e4501f509094ba4566f84,['6079bd679a06446e8c61bf7d'],"[{'core': '5f57c54a0622a633027900a1', 'flight': 2, 'gridfins': True, 'legs': True, 'reused': True, 'landing_attempt': True, 'landing_success': True, 'landing_type': 'ASDS', 'landpad': '5e9e3033383ecbb9e534e7cc'}]",1,2021-05-26
129,CRS-22 & IROSA,2021-06-03T17:29:00.000Z,True,5e9d0d95eda69973a809d1ec,5e9e4502f509094188566f88,['5fe3b642b3467846b324217b'],"[{'core': '60b800111f83cc1e59f16438', 'flight': 1, 'gridfins': True, 'legs': True, 'reused': False, 'landing_attempt': True, 'landing_success': True, 'landing_type': 'ASDS', 'landpad': '5e9e3032383ecb6bb234e7ca'}]",1,2021-06-03
130,SXM-8,2021-06-06T04:26:00.000Z,True,5e9d0d95eda69973a809d1ec,5e9e4501f509094ba4566f84,['5fe3b57db3467846b324217a'],"[{'core': '5f57c53d0622a6330279009f', 'flight': 3, 'gridfins': True, 'legs': True, 'reused': True, 'landing_attempt': True, 'landing_success': True, 'landing_type': 'ASDS', 'landpad': '5e9e3033383ecbb9e534e7cc'}]",1,2021-06-06
131,GPS III SV05,2021-06-17T16:09:00.000Z,True,5e9d0d95eda69973a809d1ec,5e9e4501f509094ba4566f84,['5eb0e4d2b6c3bb0006eeb261'],"[{'core': '5f57c5440622a633027900a0', 'flight': 2, 'gridfins': True, 'legs': True, 'reused': True, 'landing_attempt': True, 'landing_success': True, 'landing_type': 'ASDS', 'landpad': '5e9e3033383ecbb9e534e7cc'}]",1,2021-06-17
132,Transporter-2,2021-06-30T19:31:00.000Z,True,5e9d0d95eda69973a809d1ec,5e9e4501f509094ba4566f84,['608ac397eb3e50044e3630e7'],"[{'core': '5ef670f10059c33cee4a826c', 'flight': 8, 'gridfins': True, 'legs': True, 'reused': True, 'landing_attempt': True, 'landing_success': True, 'landing_type': 'RTLS', 'landpad': '5e9e3032383ecb267a34e7c7'}]",1,2021-06-30
133,CRS-23,2021-08-29T07:14:00.000Z,True,5e9d0d95eda69973a809d1ec,5e9e4502f509094188566f88,['5fe3c4f2b3467846b3242193'],"[{'core': '5f57c53d0622a6330279009f', 'flight': 4, 'gridfins': True, 'legs': True, 'reused': True, 'landing_attempt': True, 'landing_success': True, 'landing_type': 'ASDS', 'landpad': '5e9e3033383ecb075134e7cd'}]",1,2021-08-29
134,Starlink 2-1 (v1.5),2021-09-14T03:55:00.000Z,True,5e9d0d95eda69973a809d1ec,5e9e4502f509092b78566f87,['60e3bf3373359e1e20335c3c'],"[{'core': '5e9e28a5f3591833b13b2659', 'flight': 10, 'gridfins': True, 'legs': True, 'reused': True, 'landing_attempt': True, 'landing_success': True, 'landing_type': 'ASDS', 'landpad': '5e9e3032383ecb6bb234e7ca'}]",1,2021-09-14
135,Inspiration4,2021-09-16T00:02:00.000Z,True,5e9d0d95eda69973a809d1ec,5e9e4502f509094188566f88,['607a382f5a906a44023e0867'],"[{'core': '5f57c5440622a633027900a0', 'flight': 3, 'gridfins': True, 'legs': True, 'reused': True, 'landing_attempt': True, 'landing_success': True, 'landing_type': 'ASDS', 'landpad': '5e9e3033383ecbb9e534e7cc'}]",1,2021-09-16
136,Crew-3,2021-11-11T02:03:00.000Z,True,5e9d0d95eda69973a809d1ec,5e9e4502f509094188566f88,['5fe3b3bab3467846b3242174'],"[{'core': '60b800111f83cc1e59f16438', 'flight': 2, 'gridfins': True, 'legs': True, 'reused': True, 'landing_attempt': True, 'landing_success': True, 'landing_type': 'ASDS', 'landpad': '5e9e3033383ecb075134e7cd'}]",1,2021-11-11
137,Starlink 4-1 (v1.5),2021-11-13T12:40:00.000Z,True,5e9d0d95eda69973a809d1ec,5e9e4501f509094ba4566f84,['618fabf0563d69573ed8caa6'],"[{'core': '5e9e28a7f3591817f23b2663', 'flight': 9, 'gridfins': True, 'legs': True, 'reused': True, 'landing_attempt': True, 'landing_success': True, 'landing_type': 'ASDS', 'landpad': '5e9e3033383ecbb9e534e7cc'}]",1,2021-11-13
138,DART,2021-11-24T06:20:00.000Z,True,5e9d0d95eda69973a809d1ec,5e9e4502f509092b78566f87,['5fe3c4a6b3467846b3242192'],"[{'core': '5f57c54a0622a633027900a1', 'flight': 2, 'gridfins': True, 'legs': True, 'reused': True, 'landing_attempt': True, 'landing_success': True, 'landing_type': 'ASDS', 'landpad': '5e9e3032383ecb6bb234e7ca'}]",1,2021-11-24
139,Starlink 4-3 (v1.5),2021-12-01T23:20:00.000Z,True,5e9d0d95eda69973a809d1ec,5e9e4501f509094ba4566f84,['6161d0f26db1a92bfba85355'],"[{'core': '5ef670f10059c33cee4a826c', 'flight': 9, 'gridfins': True, 'legs': True, 'reused': True, 'landing_attempt': True, 'landing_success': True, 'landing_type': 'ASDS', 'landpad': '5e9e3033383ecb075134e7cd'}]",1,2021-12-01
140,IXPE,2021-12-09T06:00:00.000Z,True,5e9d0d95eda69973a809d1ec,5e9e4502f509094188566f88,['61c1f395a4a2462678cbf46e'],"[{'core': '5f57c53d0622a6330279009f', 'flight': 5, 'gridfins': True, 'legs': True, 'reused': True, 'landing_attempt': True, 'landing_success': True, 'landing_type': 'ASDS', 'landpad': '5e9e3033383ecbb9e534e7cc'}]",1,2021-12-09
141,Starlink 4-4 (v1.5),2021-12-18T12:41:40.000Z,True,5e9d0d95eda69973a809d1ec,5e9e4502f509092b78566f87,['61bbac16437241381bf70632'],"[{'core': '5e9e28a6f35918c0803b265c', 'flight': 11, 'gridfins': True, 'legs': True, 'reused': True, 'landing_attempt': True, 'landing_success': True, 'landing_type': 'ASDS', 'landpad': '5e9e3032383ecb6bb234e7ca'}]",1,2021-12-18
142,Türksat 5B,2021-12-19T03:58:00.000Z,True,5e9d0d95eda69973a809d1ec,5e9e4501f509094ba4566f84,['5fe3c080b3467846b3242190'],"[{'core': '60b800111f83cc1e59f16438', 'flight': 3, 'gridfins': True, 'legs': True, 'reused': True, 'landing_attempt': True, 'landing_success': True, 'landing_type': 'ASDS', 'landpad': '5e9e3033383ecb075134e7cd'}]",1,2021-12-19
143,CRS-24,2021-12-21T10:06:00.000Z,True,5e9d0d95eda69973a809d1ec,5e9e4502f509094188566f88,['6161d22a6db1a92bfba85357'],"[{'core': '61c1ef45a4a2462678cbf45d', 'flight': 1, 'gridfins': True, 'legs': True, 'reused': False, 'landing_attempt': True, 'landing_success': True, 'landing_type': 'ASDS', 'landpad': '5e9e3033383ecbb9e534e7cc'}]",1,2021-12-21
144,Starlink 4-5 (v1.5),2022-01-06T21:49:00.000Z,True,5e9d0d95eda69973a809d1ec,5e9e4502f509094188566f88,['61d5ece4f88e4c5fc91f1ebb'],"[{'core': '5f57c5440622a633027900a0', 'flight': 4, 'gridfins': True, 'legs': True, 'reused': True, 'landing_attempt': True, 'landing_success': True, 'landing_type': 'ASDS', 'landpad': '5e9e3033383ecb075134e7cd'}]",1,2022-01-06
145,Transporter-3,2022-01-13T15:25:00.000Z,True,5e9d0d95eda69973a809d1ec,5e9e4501f509094ba4566f84,['6175aaacefa4314085aa9c56'],"[{'core': '5e9e28a7f3591817f23b2663', 'flight': 10, 'gridfins': True, 'legs': True, 'reused': True, 'landing_attempt': True, 'landing_success': True, 'landing_type': 'RTLS', 'landpad': '5e9e3032383ecb267a34e7c7'}]",1,2022-01-13
146,Starlink 4-6 (v1.5),2022-01-19T00:04:00.000Z,True,5e9d0d95eda69973a809d1ec,5e9e4502f509094188566f88,['61e05516be8d8b66799018d4'],"[{'core': '5ef670f10059c33cee4a826c', 'flight': 10, 'gridfins': True, 'legs': True, 'reused': True, 'landing_attempt': True, 'landing_success': True, 'landing_type': 'ASDS', 'landpad': '5e9e3033383ecb075134e7cd'}]",1,2022-01-19
147,CSG-2,2022-01-31T23:11:12.000Z,True,5e9d0d95eda69973a809d1ec,5e9e4501f509094ba4566f84,['6161d3a06db1a92bfba8535a'],"[{'core': '5e9e28a6f359183c413b265d', 'flight': 3, 'gridfins': True, 'legs': True, 'reused': True, 'landing_attempt': True, 'landing_success': True, 'landing_type': 'RTLS', 'landpad': '5e9e3032383ecb267a34e7c7'}]",1,2022-01-31
148,NROL-87,2022-02-02T20:18:00.000Z,True,5e9d0d95eda69973a809d1ec,5e9e4502f509092b78566f87,['6175aaacefa4314085aa9c56'],"[{'core': '61fae5947aa67176fe3e0e1e', 'flight': 1, 'gridfins': True, 'legs': True, 'reused': False, 'landing_attempt': True, 'landing_success': True, 'landing_type': 'RTLS', 'landpad': '5e9e3032383ecb554034e7c9'}]",1,2022-02-02
149,Starlink 4-7 (v1.5),2022-02-03T18:13:00.000Z,True,5e9d0d95eda69973a809d1ec,5e9e4502f509094188566f88,['61e05520be8d8b66799018d5'],"[{'core': '5f57c53d0622a6330279009f', 'flight': 6, 'gridfins': True, 'legs': True, 'reused': True, 'landing_attempt': True, 'landing_success': True, 'landing_type': 'ASDS', 'landpad': '5e9e3033383ecb075134e7cd'}]",1,2022-02-03
150,Starlink 4-8 (v1.5),2022-02-21T14:44:00.000Z,True,5e9d0d95eda69973a809d1ec,5e9e4501f509094ba4566f84,['61fc02e1e0dc5662b76489b4'],"[{'core': '5e9e28a7f3591817f23b2663', 'flight': 11, 'gridfins': True, 'legs': True, 'reused': True, 'landing_attempt': True, 'landing_success': True, 'landing_type': 'ASDS', 'landpad': '5e9e3033383ecb075134e7cd'}]",1,2022-02-21
151,Starlink 4-11 (v1.5),2022-02-25T17:12:00.000Z,True,5e9d0d95eda69973a809d1ec,5e9e4502f509092b78566f87,['61fc0334e0dc5662b76489b5'],"[{'core': '5f57c54a0622a633027900a1', 'flight': 4, 'gridfins': True, 'legs': True, 'reused': True, 'landing_attempt': True, 'landing_success': True, 'landing_type': 'ASDS', 'landpad': '5e9e3032383ecb6bb234e7ca'}]",1,2022-02-25
152,Starlink 4-9 (v1.5),2022-03-03T14:35:00.000Z,True,5e9d0d95eda69973a809d1ec,5e9e4502f509094188566f88,['61fc0379e0dc5662b76489b6'],"[{'core': '5ef670f10059c33cee4a826c', 'flight': 11, 'gridfins': True, 'legs': True, 'reused': True, 'landing_attempt': True, 'landing_success': True, 'landing_type': 'ASDS', 'landpad': '5e9e3033383ecbb9e534e7cc'}]",1,2022-03-03
153,Starlink 4-10 (v1.5),2022-03-09T13:45:00.000Z,True,5e9d0d95eda69973a809d1ec,5e9e4501f509094ba4566f84,['61fc0382e0dc5662b76489b7'],"[{'core': '5e9e28a6f359183c413b265d', 'flight': 4, 'gridfins': True, 'legs': True, 'reused': True, 'landing_attempt': True, 'landing_success': True, 'landing_type': 'ASDS', 'landpad': '5e9e3033383ecb075134e7cd'}]",1,2022-03-09
154,Starlink 4-12 (v1.5),2022-03-19T03:24:00.000Z,True,5e9d0d95eda69973a809d1ec,5e9e4501f509094ba4566f84,['623491e5f051102e1fcedac9'],"[{'core': '5e9e28a6f35918c0803b265c', 'flight': 12, 'gridfins': True, 'legs': True, 'reused': True, 'landing_attempt': True, 'landing_success': True, 'landing_type': 'ASDS', 'landpad': '5e9e3033383ecbb9e534e7cc'}]",1,2022-03-19
155,Transporter-4,2022-04-01T16:24:00.000Z,True,5e9d0d95eda69973a809d1ec,5e9e4501f509094ba4566f84,['6243af62af52800c6e919260'],"[{'core': '5f57c53d0622a6330279009f', 'flight': 7, 'gridfins': True, 'legs': True, 'reused': True, 'landing_attempt': True, 'landing_success': True, 'landing_type': 'ASDS', 'landpad': '5e9e3033383ecbb9e534e7cc'}]",1,2022-04-01
156,Ax-1,2022-04-08T15:17:00.000Z,True,5e9d0d95eda69973a809d1ec,5e9e4502f509094188566f88,['61eefb129eb1064137a1bd74'],"[{'core': '5f57c5440622a633027900a0', 'flight': 5, 'gridfins': True, 'legs': True, 'reused': True, 'landing_attempt': True, 'landing_success': True, 'landing_type': 'ASDS', 'landpad': '5e9e3033383ecb075134e7cd'}]",1,2022-04-08
157,NROL-85,2022-04-17T13:13:00.000Z,True,5e9d0d95eda69973a809d1ec,5e9e4502f509092b78566f87,['6243b036af52800c6e919262'],"[{'core': '61fae5947aa67176fe3e0e1e', 'flight': 2, 'gridfins': True, 'legs': True, 'reused': True, 'landing_attempt': True, 'landing_success': True, 'landing_type': 'RTLS', 'landpad': '5e9e3032383ecb554034e7c9'}]",1,2022-04-17
158,Starlink 4-14 (v1.5),2022-04-21T15:16:00.000Z,True,5e9d0d95eda69973a809d1ec,5e9e4501f509094ba4566f84,['6243af9faf52800c6e919261'],"[{'core': '5ef670f10059c33cee4a826c', 'flight': 12, 'gridfins': True, 'legs': True, 'reused': True, 'landing_attempt': True, 'landing_success': True, 'landing_type': 'ASDS', 'landpad': '5e9e3033383ecbb9e534e7cc'}]",1,2022-04-21
159,Crew-4,2022-04-27T07:52:00.000Z,True,5e9d0d95eda69973a809d1ec,5e9e4502f509094188566f88,['6243b1cdaf52800c6e919265'],"[{'core': '60b800111f83cc1e59f16438', 'flight': 4, 'gridfins': True, 'legs': True, 'reused': True, 'landing_attempt': True, 'landing_success': True, 'landing_type': 'ASDS', 'landpad': '5e9e3033383ecb075134e7cd'}]",1,2022-04-27
160,Starlink 4-16 (v1.5),2022-04-29T21:27:00.000Z,True,5e9d0d95eda69973a809d1ec,5e9e4501f509094ba4566f84,['62582aa55988f159024b964d'],"[{'core': '5f57c5440622a633027900a0', 'flight': 6, 'gridfins': True, 'legs': True, 'reused': True, 'landing_attempt': True, 'landing_success': True, 'landing_type': 'ASDS', 'landpad': '5e9e3033383ecbb9e534e7cc'}]",1,2022-04-29
161,Starlink 4-17 (v1.5),2022-05-06T09:42:00.000Z,True,5e9d0d95eda69973a809d1ec,5e9e4502f509094188566f88,['62582aad5988f159024b964e'],"[{'core': '5e9e28a7f3591817f23b2663', 'flight': 12, 'gridfins': True, 'legs': True, 'reused': True, 'landing_attempt': True, 'landing_success': True, 'landing_type': 'ASDS', 'landpad': '5e9e3033383ecb075134e7cd'}]",1,2022-05-06
162,Starlink 4-13 (v1.5),2022-05-13T22:07:00.000Z,True,5e9d0d95eda69973a809d1ec,5e9e4502f509092b78566f87,['625829d75988f159024b9649'],"[{'core': '5f57c54a0622a633027900a1', 'flight': 5, 'gridfins': True, 'legs': True, 'reused': True, 'landing_attempt': True, 'landing_success': True, 'landing_type': 'ASDS', 'landpad': '5e9e3032383ecb6bb234e7ca'}]",1,2022-05-13
163,Starlink 4-15 (v1.5),2022-05-14T20:40:00.000Z,True,5e9d0d95eda69973a809d1ec,5e9e4501f509094ba4566f84,['625829cf5988f159024b9648'],"[{'core': '627843db57b51b752c5c5a54', 'flight': 1, 'gridfins': True, 'legs': True, 'reused': False, 'landing_attempt': True, 'landing_success': True, 'landing_type': 'ASDS', 'landpad': '5e9e3033383ecbb9e534e7cc'}]",1,2022-05-14
164,Starlink 4-18 (v1.5),2022-05-18T10:40:00.000Z,True,5e9d0d95eda69973a809d1ec,5e9e4502f509094188566f88,['62615ee40ec008379be596fd'],"[{'core': '5e9e28a6f359183c413b265d', 'flight': 5, 'gridfins': True, 'legs': True, 'reused': True, 'landing_attempt': True, 'landing_success': True, 'landing_type': 'ASDS', 'landpad': '5e9e3033383ecb075134e7cd'}]",1,2022-05-18
165,Transporter-5,2022-05-25T18:27:00.000Z,True,5e9d0d95eda69973a809d1ec,5e9e4501f509094ba4566f84,['6243b39daf52800c6e919267'],"[{'core': '5f57c53d0622a6330279009f', 'flight': 8, 'gridfins': True, 'legs': True, 'reused': True, 'landing_attempt': True, 'landing_success': True, 'landing_type': 'RTLS', 'landpad': '5e9e3032383ecb267a34e7c7'}]",1,2022-05-25
166,Nilesat-301,2022-06-08T21:04:00.000Z,True,5e9d0d95eda69973a809d1ec,5e9e4501f509094ba4566f84,['6243b286af52800c6e919266'],"[{'core': '5f57c5440622a633027900a0', 'flight': 7, 'gridfins': True, 'legs': True, 'reused': True, 'landing_attempt': True, 'landing_success': True, 'landing_type': 'ASDS', 'landpad': '5e9e3033383ecbb9e534e7cc'}]",1,2022-06-08
167,Starlink 4-19 (v1.5),2022-06-01T17:08:50.000Z,True,5e9d0d95eda69973a809d1ec,5e9e4502f509094188566f88,['6278484e57b51b752c5c5a63'],"[{'core': '5ef670f10059c33cee4a826c', 'flight': 13, 'gridfins': True, 'legs': True, 'reused': True, 'landing_attempt': True, 'landing_success': True, 'landing_type': 'ASDS', 'landpad': '5e9e3033383ecb075134e7cd'}]",1,2022-06-01
168,SARah 1,2022-06-18T14:19:00.000Z,True,5e9d0d95eda69973a809d1ec,5e9e4502f509092b78566f87,['5fe3b2abb3467846b3242172'],"[{'core': '61fae5947aa67176fe3e0e1e', 'flight': 3, 'gridfins': True, 'legs': True, 'reused': True, 'landing_attempt': True, 'landing_success': True, 'landing_type': 'RTLS', 'landpad': '5e9e3032383ecb554034e7c9'}]",1,2022-06-18
169,Globalstar FM15,2022-06-19T04:27:00.000Z,True,5e9d0d95eda69973a809d1ec,5e9e4501f509094ba4566f84,['62adecbcd26f4f711fa53848'],"[{'core': '5f57c53d0622a6330279009f', 'flight': 9, 'gridfins': True, 'legs': True, 'reused': True, 'landing_attempt': True, 'landing_success': True, 'landing_type': 'ASDS', 'landpad': '5e9e3033383ecbb9e534e7cc'}]",1,2022-06-19
170,SES-22,2022-06-29T21:04:00.000Z,True,5e9d0d95eda69973a809d1ec,5e9e4501f509094ba4566f84,['6243b93caf52800c6e91926f'],"[{'core': '627843db57b51b752c5c5a54', 'flight': 2, 'gridfins': True, 'legs': True, 'reused': True, 'landing_attempt': True, 'landing_success': True, 'landing_type': 'ASDS', 'landpad': '5e9e3033383ecb075134e7cd'}]",1,2022-06-29
171,Starlink 4-21 (v1.5),2022-07-07T13:11:00.000Z,True,5e9d0d95eda69973a809d1ec,5e9e4501f509094ba4566f84,['630bccc6d36448026ab01639'],"[{'core': '5e9e28a7f3591817f23b2663', 'flight': 13, 'gridfins': True, 'legs': True, 'reused': True, 'landing_attempt': True, 'landing_success': True, 'landing_type': 'ASDS', 'landpad': '5e9e3033383ecbb9e534e7cc'}]",1,2022-07-07
172,Starlink 3-1 (v1.5),2022-07-11T01:39:00.000Z,,5e9d0d95eda69973a809d1ec,5e9e4502f509092b78566f87,['630bccd6d36448026ab0163a'],"[{'core': '5f57c54a0622a633027900a1', 'flight': 6, 'gridfins': True, 'legs': True, 'reused': True, 'landing_attempt': True, 'landing_success': True, 'landing_type': 'ASDS', 'landpad': '5e9e3032383ecb6bb234e7ca'}]",0,2022-07-11
173,CRS-25,2022-07-15T00:44:00.000Z,True,5e9d0d95eda69973a809d1ec,5e9e4502f509094188566f88,['6243b835af52800c6e91926d'],"[{'core': '60b800111f83cc1e59f16438', 'flight': 5, 'gridfins': True, 'legs': True, 'reused': True, 'landing_attempt': True, 'landing_success': True, 'landing_type': 'ASDS', 'landpad': '5e9e3033383ecb075134e7cd'}]",1,2022-07-15
174,Starlink 4-22 (v1.5),2022-07-17T14:50:00.000Z,True,5e9d0d95eda69973a809d1ec,5e9e4501f509094ba4566f84,['630bce10d36448026ab0163b'],"[{'core': '5e9e28a6f35918c0803b265c', 'flight': 13, 'gridfins': True, 'legs': True, 'reused': True, 'landing_attempt': True, 'landing_success': True, 'landing_type': 'ASDS', 'landpad': '5e9e3033383ecbb9e534e7cc'}]",1,2022-07-17
175,Starlink 3-2 (v1.5),2022-07-21T17:13:00.000Z,True,5e9d0d95eda69973a809d1ec,5e9e4502f509092b78566f87,['630bce49d36448026ab0163c'],"[{'core': '61fae5947aa67176fe3e0e1e', 'flight': 4, 'gridfins': True, 'legs': True, 'reused': True, 'landing_attempt': True, 'landing_success': True, 'landing_type': 'ASDS', 'landpad': '5e9e3032383ecb6bb234e7ca'}]",1,2022-07-21
176,Starlink 4-25 (v1.5),2022-07-24T00:00:00.000Z,True,5e9d0d95eda69973a809d1ec,5e9e4501f509094ba4566f84,['630bce79d36448026ab0163d'],"[{'core': '5f57c5440622a633027900a0', 'flight': 8, 'gridfins': True, 'legs': True, 'reused': True, 'landing_attempt': True, 'landing_success': True, 'landing_type': 'ASDS', 'landpad': '5e9e3033383ecb075134e7cd'}]",1,2022-07-24
177,KPLO,2022-08-04T23:08:00.000Z,True,5e9d0d95eda69973a809d1ec,5e9e4501f509094ba4566f84,['630bcfe1d36448026ab01641'],"[{'core': '5e9e28a6f359183c413b265d', 'flight': 6, 'gridfins': True, 'legs': True, 'reused': True, 'landing_attempt': True, 'landing_success': True, 'landing_type': 'ASDS', 'landpad': '5e9e3033383ecbb9e534e7cc'}]",1,2022-08-04
178,Starlink 4-26 (v1.5),2022-08-09T22:57:00.000Z,True,5e9d0d95eda69973a809d1ec,5e9e4502f509094188566f88,['630bcea1d36448026ab0163e'],"[{'core': '627843db57b51b752c5c5a54', 'flight': 3, 'gridfins': True, 'legs': True, 'reused': True, 'landing_attempt': True, 'landing_success': True, 'landing_type': 'ASDS', 'landpad': '5e9e3033383ecb075134e7cd'}]",1,2022-08-09
179,Starlink 3-3 (v1.5),2022-08-12T21:30:00.000Z,True,5e9d0d95eda69973a809d1ec,5e9e4502f509092b78566f87,['630bceb8d36448026ab01640'],"[{'core': '5f57c53d0622a6330279009f', 'flight': 10, 'gridfins': True, 'legs': True, 'reused': True, 'landing_attempt': True, 'landing_success': True, 'landing_type': 'ASDS', 'landpad': '5e9e3032383ecb6bb234e7ca'}]",1,2022-08-12
180,Starlink 4-27 (v1.5),2022-08-19T19:24:00.000Z,True,5e9d0d95eda69973a809d1ec,5e9e4501f509094ba4566f84,['630bceadd36448026ab0163f'],"[{'core': '5f57c5440622a633027900a0', 'flight': 9, 'gridfins': True, 'legs': True, 'reused': True, 'landing_attempt': True, 'landing_success': True, 'landing_type': 'ASDS', 'landpad': '5e9e3033383ecb075134e7cd'}]",1,2022-08-19
181,Starlink 4-23 (v1.5),2022-08-28T02:22:00.000Z,True,5e9d0d95eda69973a809d1ec,5e9e4502f509094188566f88,['631614d7ffc78f3b85670716'],"[{'core': '61c1ef45a4a2462678cbf45d', 'flight': 2, 'gridfins': True, 'legs': True, 'reused': True, 'landing_attempt': True, 'landing_success': True, 'landing_type': 'ASDS', 'landpad': '5e9e3033383ecb075134e7cd'}]",1,2022-08-28
182,Starlink 3-4 (v1.5),2022-08-31T05:40:00.000Z,True,5e9d0d95eda69973a809d1ec,5e9e4502f509092b78566f87,['630f63bf18702d4844fb5391'],"[{'core': '5f57c54a0622a633027900a1', 'flight': 7, 'gridfins': True, 'legs': True, 'reused': True, 'landing_attempt': True, 'landing_success': True, 'landing_type': 'ASDS', 'landpad': '5e9e3032383ecb6bb234e7ca'}]",1,2022-08-31
183,Starlink 4-20 (v1.5) & Sherpa LTC-2/Varuna-TDM,2022-09-05T02:09:00.000Z,True,5e9d0d95eda69973a809d1ec,5e9e4501f509094ba4566f84,"['631614e9ffc78f3b85670717', '631617fbffc78f3b8567071d']","[{'core': '5e9e28a6f359183c413b265d', 'flight': 7, 'gridfins': True, 'legs': True, 'reused': True, 'landing_attempt': True, 'landing_success': True, 'landing_type': 'ASDS', 'landpad': '5e9e3033383ecbb9e534e7cc'}]",1,2022-09-05
184,Starlink 4-2 (v1.5) & Blue Walker 3,2022-09-11T01:10:00.000Z,True,5e9d0d95eda69973a809d1ec,5e9e4502f509094188566f88,"['63161610ffc78f3b85670718', '63161872ffc78f3b8567071e']","[{'core': '5e9e28a7f3591817f23b2663', 'flight': 14, 'gridfins': True, 'legs': True, 'reused': True, 'landing_attempt': True, 'landing_success': True, 'landing_type': 'ASDS', 'landpad': '5e9e3033383ecb075134e7cd'}]",1,2022-09-11
185,Starlink 4-34 (v1.5),2022-09-17T01:05:00.000Z,True,5e9d0d95eda69973a809d1ec,5e9e4501f509094ba4566f84,['63161699ffc78f3b85670719'],"[{'core': '60b800111f83cc1e59f16438', 'flight': 6, 'gridfins': True, 'legs': True, 'reused': True, 'landing_attempt': True, 'landing_success': True, 'landing_type': 'ASDS', 'landpad': '5e9e3033383ecbb9e534e7cc'}]",1,2022-09-17
186,Starlink 4-35 (v1.5),2022-09-24T23:30:00.000Z,True,5e9d0d95eda69973a809d1ec,5e9e4501f509094ba4566f84,['631616a7ffc78f3b8567071a'],"[{'core': '627843d657b51b752c5c5a53', 'flight': 4, 'gridfins': True, 'legs': True, 'reused': True, 'landing_attempt': True, 'landing_success': True, 'landing_type': 'ASDS', 'landpad': '5e9e3033383ecbb9e534e7cc'}]",1,2022-09-24
187,Crew-5,2022-10-05T16:00:00.000Z,True,5e9d0d95eda69973a809d1ec,5e9e4502f509094188566f88,['62dd73ed202306255024d145'],"[{'core': '633d9da635a71d1d9c66797b', 'flight': 1, 'gridfins': True, 'legs': True, 'reused': False, 'landing_attempt': True, 'landing_success': True, 'landing_type': 'ASDS', 'landpad': '5e9e3033383ecbb9e534e7cc'}]",1,2022-10-05
188,USSF-44,2022-11-01T13:41:00.000Z,,5e9d0d95eda69974db09d1ed,5e9e4502f509094188566f88,['5fe3b86eb3467846b324217c'],"[{'core': '5fe3b8f2b3467846b3242181', 'flight': 1, 'gridfins': True, 'legs': True, 'reused': False, 'landing_attempt': None, 'landing_success': None, 'landing_type': None, 'landpad': None}, {'core': '5fe3b8fbb3467846b3242182', 'flight': 1, 'gridfins': True, 'legs': True, 'reused': False, 'landing_attempt': None, 'landing_success': None, 'landing_type': None, 'landpad': None}, {'core': '5fe3b906b3467846b3242183', 'flight': 1, 'gridfins': True, 'legs': True, 'reused': False, 'landing_attempt': None, 'landing_success': None, 'landing_type': None, 'landpad': None}]",0,2022-11-01
188,Starlink 4-36 (v1.5),2022-10-20T14:50:00.000Z,,5e9d0d95eda69973a809d1ec,5e9e4501f509094ba4566f84,['631616aeffc78f3b8567071b'],"[{'core': None, 'flight': None, 'gridfins': None, 'legs': None, 'reused': None, 'landing_attempt': None, 'landing_success': None, 'landing_type': None, 'landpad': None}]",0,2022-10-20
188,Galaxy 33 (15R) & 34 (12R),2022-10-08T23:05:00.000Z,,5e9d0d95eda69973a809d1ec,5e9e4501f509094ba4566f84,[],"[{'core': None, 'flight': None, 'gridfins': True, 'legs': True, 'reused': False, 'landing_attempt': None, 'landing_success': None, 'landing_type': None, 'landpad': None}]",0,2022-10-08
188,Hotbird 13F,2022-10-15T05:22:00.000Z,,5e9d0d95eda69973a809d1ec,5e9e4501f509094ba4566f84,[],"[{'core': None, 'flight': None, 'gridfins': True, 'legs': True, 'reused': False, 'landing_attempt': None, 'landing_success': None, 'landing_type': None, 'landpad': None}]",0,2022-10-15
189,Hotbird 13G,2022-11-03T03:24:00.000Z,,5e9d0d95eda69973a809d1ec,5e9e4501f509094ba4566f84,[],"[{'core': None, 'flight': None, 'gridfins': True, 'legs': True, 'reused': False, 'landing_attempt': None, 'landing_success': None, 'landing_type': None, 'landpad': None}]",0,2022-11-03
191,Galaxy 31 (23R) & 32 (17R),2022-11-08T00:00:00.000Z,,5e9d0d95eda69973a809d1ec,5e9e4501f509094ba4566f84,[],"[{'core': None, 'flight': None, 'gridfins': True, 'legs': True, 'reused': False, 'landing_attempt': None, 'landing_success': None, 'landing_type': None, 'landpad': None}]",0,2022-11-08
192,Eutelsat 10B,2022-11-15T00:00:00.000Z,,5e9d0d95eda69973a809d1ec,5e9e4501f509094ba4566f84,[],"[{'core': None, 'flight': None, 'gridfins': True, 'legs': True, 'reused': False, 'landing_attempt': None, 'landing_success': None, 'landing_type': None, 'landpad': None}]",0,2022-11-15
193,ispace Mission 1 & Rashid,2022-11-22T00:00:00.000Z,,5e9d0d95eda69973a809d1ec,5e9e4501f509094ba4566f84,[],"[{'core': None, 'flight': None, 'gridfins': True, 'legs': True, 'reused': False, 'landing_attempt': None, 'landing_success': None, 'landing_type': None, 'landpad': None}]",0,2022-11-22
194,CRS-26,2022-11-18T22:00:00.000Z,,5e9d0d95eda69973a809d1ec,5e9e4502f509094188566f88,[],"[{'core': None, 'flight': None, 'gridfins': True, 'legs': True, 'reused': False, 'landing_attempt': None, 'landing_success': None, 'landing_type': None, 'landpad': None}]",0,2022-11-18
195,Starlink 4-37 (v1.5),2022-11-01T00:00:00.000Z,,5e9d0d95eda69973a809d1ec,5e9e4501f509094ba4566f84,[],"[{'core': None, 'flight': None, 'gridfins': None, 'legs': None, 'reused': None, 'landing_attempt': None, 'landing_success': None, 'landing_type': None, 'landpad': None}]",0,2022-11-01
196,"O3b mPower 1,2",2022-11-01T00:00:00.000Z,,5e9d0d95eda69973a809d1ec,5e9e4501f509094ba4566f84,['6243b788af52800c6e91926b'],"[{'core': None, 'flight': None, 'gridfins': None, 'legs': None, 'reused': None, 'landing_attempt': None, 'landing_success': None, 'landing_type': None, 'landpad': None}]",0,2022-11-01
197,SWOT,2022-12-05T00:00:00.000Z,,5e9d0d95eda69973a809d1ec,5e9e4502f509092b78566f87,[],"[{'core': None, 'flight': None, 'gridfins': True, 'legs': True, 'reused': False, 'landing_attempt': None, 'landing_success': None, 'landing_type': None, 'landpad': None}]",0,2022-12-05
198,SES-18 & SES-19,2022-11-01T00:00:00.000Z,,5e9d0d95eda69973a809d1ec,5e9e4501f509094ba4566f84,[],"[{'core': None, 'flight': None, 'gridfins': True, 'legs': True, 'reused': False, 'landing_attempt': None, 'landing_success': None, 'landing_type': None, 'landpad': None}]",0,2022-11-01
198,Transporter-6,2022-12-01T00:00:00.000Z,,5e9d0d95eda69973a809d1ec,5e9e4501f509094ba4566f84,[],"[{'core': None, 'flight': None, 'gridfins': True, 'legs': True, 'reused': False, 'landing_attempt': None, 'landing_success': None, 'landing_type': None, 'landpad': None}]",0,2022-12-01
199,TTL-1,2022-12-01T00:00:00.000Z,,5e9d0d95eda69973a809d1ec,5e9e4502f509092b78566f87,['63161760ffc78f3b8567071c'],"[{'core': None, 'flight': None, 'gridfins': None, 'legs': None, 'reused': None, 'landing_attempt': None, 'landing_success': None, 'landing_type': None, 'landpad': None}]",0,2022-12-01
200,WorldView Legion 1 & 2,2022-12-01T00:00:00.000Z,,5e9d0d95eda69973a809d1ec,5e9e4501f509094ba4566f84,['6243b896af52800c6e91926e'],"[{'core': None, 'flight': None, 'gridfins': None, 'legs': None, 'reused': None, 'landing_attempt': None, 'landing_success': None, 'landing_type': None, 'landpad': None}]",0,2022-12-01
202,Viasat-3 & Arcturus,2022-12-01T00:00:00.000Z,,5e9d0d95eda69974db09d1ed,5e9e4502f509094188566f88,[],"[{'core': None, 'flight': None, 'gridfins': True, 'legs': True, 'reused': False, 'landing_attempt': None, 'landing_success': None, 'landing_type': None, 'landpad': None}, {'core': None, 'flight': None, 'gridfins': True, 'legs': True, 'reused': False, 'landing_attempt': None, 'landing_success': None, 'landing_type': None, 'landpad': None}, {'core': None, 'flight': None, 'gridfins': True, 'legs': True, 'reused': False, 'landing_attempt': None, 'landing_success': None, 'landing_type': None, 'landpad': None}]",0,2022-12-01
203,O3b mPower 3.4,2022-12-01T00:00:00.000Z,,5e9d0d95eda69973a809d1ec,5e9e4501f509094ba4566f84,['6243b788af52800c6e91926b'],"[{'core': None, 'flight': None, 'gridfins': None, 'legs': None, 'reused': None, 'landing_attempt': None, 'landing_success': None, 'landing_type': None, 'landpad': None}]",0,2022-12-01
